sale_id,store_id,product_id,customer_id,quantity,sale_date
1,10,64,257,2,6/1/2020
2,18,89,13,1,6/1/2020
3,4,27,459,3,6/1/2020
4,1,6,468,2,6/1/2020
5,12,61,336,3,6/1/2020
6,9,32,416,1,6/2/2020
7,19,91,189,2,6/2/2020
8,4,76,129,1,6/3/2020
9,15,73,143,2,6/3/2020
10,3,82,290,3,6/4/2020
11,9,90,64,1,6/4/2020
12,18,88,468,2,6/5/2020
13,1,5,155,2,6/5/2020
14,19,12,25,1,6/5/2020
15,14,53,407,3,6/6/2020
16,6,64,255,2,6/6/2020
17,15,60,259,2,6/7/2020
18,17,56,87,1,6/7/2020
19,15,68,263,3,6/8/2020
20,4,30,170,1,6/9/2020
21,12,40,463,4,6/9/2020
22,2,62,138,2,6/10/2020
23,6,17,192,2,6/10/2020
24,19,30,495,3,6/10/2020
25,5,89,233,3,6/11/2020
26,19,54,230,2,6/11/2020
27,13,52,33,2,6/11/2020
28,4,46,417,2,6/11/2020
29,19,49,487,1,6/11/2020
30,16,43,459,2,6/11/2020
31,14,30,102,3,6/11/2020
32,18,52,111,2,6/12/2020
33,5,9,252,4,6/12/2020
34,3,44,166,1,6/13/2020
35,10,71,491,1,6/13/2020
36,10,17,495,4,6/13/2020
37,16,34,266,3,6/13/2020
38,5,25,426,1,6/13/2020
39,4,84,487,2,6/16/2020
40,16,61,76,3,6/16/2020
41,20,5,267,1,6/16/2020
42,12,27,299,5,6/16/2020
43,15,73,292,4,6/16/2020
44,5,40,40,1,6/17/2020
45,18,17,64,2,6/17/2020
46,15,35,181,1,6/17/2020
47,6,78,428,4,6/18/2020
48,11,53,339,4,6/18/2020
49,6,11,169,3,6/18/2020
50,17,49,352,1,6/18/2020
51,13,89,477,2,6/18/2020
52,11,67,74,2,6/19/2020
53,15,51,162,2,6/19/2020
54,2,17,427,3,6/19/2020
55,8,11,126,3,6/19/2020
56,20,35,203,3,6/20/2020
57,4,75,204,1,6/21/2020
58,17,10,240,1,6/21/2020
59,12,39,357,4,6/21/2020
60,5,95,131,4,6/21/2020
61,18,8,239,1,6/21/2020
62,18,99,21,3,6/22/2020
63,15,71,452,1,6/23/2020
64,4,27,167,3,6/23/2020
65,2,85,7,1,6/24/2020
66,11,71,338,2,6/24/2020
67,9,51,99,1,6/25/2020
68,7,1,41,3,6/26/2020
69,8,26,25,1,6/26/2020
70,9,36,318,1,6/26/2020
71,20,36,16,2,6/27/2020
72,18,39,289,4,6/28/2020
73,11,45,339,1,6/30/2020
74,5,10,172,3,6/30/2020
75,19,89,46,4,6/30/2020
76,13,66,111,3,7/1/2020
77,9,18,111,1,7/1/2020
78,15,11,463,4,7/1/2020
79,12,68,82,3,7/1/2020
80,12,5,151,4,7/1/2020
81,16,61,256,4,7/1/2020
82,9,57,478,2,7/2/2020
83,8,64,379,1,7/3/2020
84,6,4,10,3,7/4/2020
85,13,97,197,2,7/4/2020
86,13,14,94,5,7/4/2020
87,1,92,485,1,7/5/2020
88,15,96,472,5,7/5/2020
89,11,81,403,3,7/5/2020
90,1,12,417,4,7/5/2020
91,9,72,197,3,7/5/2020
92,5,14,328,4,7/5/2020
93,10,32,33,5,7/7/2020
94,14,47,63,4,7/7/2020
95,14,29,451,1,7/8/2020
96,16,64,141,1,7/8/2020
97,3,28,31,1,7/8/2020
98,6,39,326,3,7/8/2020
99,10,49,91,1,7/9/2020
100,13,77,117,3,7/9/2020
101,17,12,479,2,7/9/2020
102,13,38,270,2,7/10/2020
103,8,40,295,2,7/10/2020
104,8,86,383,2,7/11/2020
105,6,27,297,3,7/12/2020
106,11,93,37,2,7/12/2020
107,9,72,80,4,7/12/2020
108,1,24,393,1,7/13/2020
109,20,72,475,3,7/13/2020
110,5,53,159,1,7/13/2020
111,9,28,258,2,7/13/2020
112,7,27,458,4,7/13/2020
113,13,67,269,5,7/14/2020
114,18,43,12,4,7/14/2020
115,4,57,259,2,7/15/2020
116,12,70,101,4,7/15/2020
117,6,89,135,4,7/17/2020
118,14,25,283,4,7/17/2020
119,8,24,357,2,7/17/2020
120,9,57,480,3,7/18/2020
121,18,46,385,2,7/19/2020
122,5,29,260,4,7/19/2020
123,9,23,20,4,7/19/2020
124,16,26,66,1,7/20/2020
125,13,58,178,2,7/20/2020
126,1,71,453,3,7/21/2020
127,17,3,105,1,7/21/2020
128,7,87,474,5,7/22/2020
129,3,83,63,1,7/22/2020
130,11,67,452,3,7/23/2020
131,2,27,125,4,7/23/2020
132,19,48,297,1,7/23/2020
133,15,16,211,4,7/23/2020
134,15,100,106,1,7/24/2020
135,2,39,490,2,7/24/2020
136,20,64,63,2,7/24/2020
137,9,13,158,4,7/24/2020
138,3,96,447,4,7/26/2020
139,11,100,65,4,7/27/2020
140,15,67,47,5,7/27/2020
141,9,61,404,1,7/27/2020
142,16,40,374,4,7/28/2020
143,1,96,217,4,7/28/2020
144,10,69,209,4,7/29/2020
145,1,4,205,2,7/29/2020
146,4,63,110,4,7/29/2020
147,13,98,65,2,7/29/2020
148,8,98,209,2,7/30/2020
149,16,39,424,1,7/30/2020
150,6,24,213,3,7/30/2020
151,11,45,113,3,7/30/2020
152,11,68,300,2,7/31/2020
153,20,52,219,1,7/31/2020
154,16,38,182,3,7/31/2020
155,8,74,39,1,7/31/2020
156,1,3,255,3,7/31/2020
157,14,23,226,1,8/1/2020
158,12,38,10,3,8/2/2020
159,19,77,490,1,8/2/2020
160,4,31,294,4,8/2/2020
161,3,45,316,2,8/3/2020
162,4,47,73,1,8/4/2020
163,11,36,400,3,8/4/2020
164,20,81,414,4,8/4/2020
165,10,95,234,1,8/5/2020
166,18,26,168,1,8/5/2020
167,9,87,438,1,8/6/2020
168,14,28,481,4,8/6/2020
169,15,56,281,5,8/7/2020
170,19,98,185,2,8/8/2020
171,20,61,140,1,8/8/2020
172,19,42,31,2,8/8/2020
173,1,28,283,4,8/8/2020
174,6,43,313,1,8/9/2020
175,10,41,473,2,8/9/2020
176,2,95,316,3,8/9/2020
177,2,20,314,2,8/10/2020
178,3,51,191,3,8/11/2020
179,8,79,27,4,8/11/2020
180,16,25,255,2,8/11/2020
181,15,48,375,4,8/11/2020
182,12,60,52,4,8/11/2020
183,2,22,399,3,8/11/2020
184,18,63,194,1,8/11/2020
185,12,28,205,3,8/12/2020
186,9,92,497,1,8/12/2020
187,16,99,425,2,8/12/2020
188,5,88,384,2,8/13/2020
189,16,79,165,3,8/14/2020
190,11,67,191,1,8/14/2020
191,16,73,105,4,8/14/2020
192,5,89,222,1,8/14/2020
193,13,47,106,5,8/15/2020
194,3,9,251,5,8/15/2020
195,19,60,138,4,8/16/2020
196,7,25,464,1,8/16/2020
197,17,22,351,2,8/16/2020
198,18,81,385,2,8/16/2020
199,18,17,267,1,8/17/2020
200,13,65,400,4,8/17/2020
201,16,25,181,4,8/18/2020
202,19,21,295,4,8/18/2020
203,9,47,45,2,8/18/2020
204,6,26,188,4,8/19/2020
205,8,83,406,3,8/19/2020
206,9,53,474,1,8/19/2020
207,18,37,382,2,8/20/2020
208,14,23,239,3,8/20/2020
209,19,8,325,4,8/20/2020
210,1,60,231,1,8/20/2020
211,1,26,305,1,8/21/2020
212,8,57,322,5,8/22/2020
213,3,7,2,5,8/22/2020
214,2,36,403,4,8/22/2020
215,8,77,290,1,8/23/2020
216,19,75,157,2,8/24/2020
217,19,8,272,2,8/24/2020
218,14,90,433,1,8/25/2020
219,16,45,97,2,8/25/2020
220,7,25,21,3,8/26/2020
221,6,81,299,5,8/26/2020
222,18,39,329,2,8/26/2020
223,15,48,107,1,8/27/2020
224,8,12,405,4,8/27/2020
225,2,18,263,4,8/28/2020
226,13,28,331,2,8/29/2020
227,14,39,433,4,8/29/2020
228,2,45,108,3,8/29/2020
229,14,1,301,2,8/29/2020
230,19,73,107,4,8/30/2020
231,13,70,443,1,8/30/2020
232,1,75,96,2,8/31/2020
233,3,3,70,2,8/31/2020
234,4,66,31,1,8/31/2020
235,6,23,373,2,9/1/2020
236,10,53,236,5,9/1/2020
237,11,5,371,1,9/2/2020
238,8,34,70,2,9/2/2020
239,12,75,260,3,9/2/2020
240,8,5,359,3,9/2/2020
241,16,61,236,2,9/2/2020
242,9,80,78,2,9/3/2020
243,5,67,303,3,9/4/2020
244,10,10,111,5,9/5/2020
245,19,26,158,2,9/5/2020
246,9,50,392,4,9/5/2020
247,6,19,133,3,9/5/2020
248,1,37,411,3,9/5/2020
249,3,25,7,2,9/5/2020
250,13,93,1,4,9/6/2020
251,15,3,468,3,9/6/2020
252,12,57,360,2,9/7/2020
253,3,97,230,3,9/7/2020
254,14,70,381,2,9/7/2020
255,7,12,471,3,9/8/2020
256,6,93,426,1,9/8/2020
257,3,22,4,2,9/8/2020
258,9,34,30,2,9/8/2020
259,12,77,124,1,9/9/2020
260,1,45,156,1,9/10/2020
261,18,13,232,4,9/10/2020
262,6,99,221,4,9/11/2020
263,6,4,451,2,9/11/2020
264,4,70,200,1,9/12/2020
265,5,7,155,2,9/12/2020
266,11,83,384,4,9/12/2020
267,3,48,258,1,9/13/2020
268,7,48,96,3,9/13/2020
269,19,72,122,1,9/14/2020
270,4,80,263,4,9/14/2020
271,13,67,37,1,9/14/2020
272,11,69,415,2,9/15/2020
273,4,54,83,2,9/15/2020
274,13,39,63,2,9/15/2020
275,12,13,5,2,9/16/2020
276,10,75,27,1,9/16/2020
277,14,17,78,1,9/16/2020
278,12,86,260,1,9/17/2020
279,2,37,173,3,9/17/2020
280,20,41,240,1,9/17/2020
281,2,1,206,4,9/17/2020
282,8,9,477,3,9/18/2020
283,14,90,342,4,9/19/2020
284,9,25,38,5,9/20/2020
285,5,80,76,5,9/20/2020
286,6,65,337,3,9/21/2020
287,15,84,119,2,9/21/2020
288,1,44,101,1,9/21/2020
289,6,45,344,3,9/21/2020
290,8,99,111,2,9/21/2020
291,7,20,295,3,9/21/2020
292,13,15,157,2,9/21/2020
293,18,100,486,2,9/21/2020
294,20,11,65,1,9/22/2020
295,18,71,280,3,9/22/2020
296,1,44,360,1,9/23/2020
297,6,31,193,1,9/23/2020
298,1,58,395,2,9/23/2020
299,10,27,268,3,9/24/2020
300,20,76,236,2,9/24/2020
301,18,28,191,4,9/24/2020
302,8,21,147,1,9/24/2020
303,1,92,411,4,9/25/2020
304,2,88,245,3,9/25/2020
305,5,7,427,4,9/26/2020
306,15,29,137,4,9/27/2020
307,19,54,280,3,9/27/2020
308,6,3,21,4,9/27/2020
309,17,41,94,5,9/28/2020
310,14,54,165,4,9/28/2020
311,9,39,163,4,9/28/2020
312,12,28,144,2,9/28/2020
313,9,73,83,3,9/29/2020
314,2,97,408,2,9/29/2020
315,3,33,335,1,9/29/2020
316,3,53,398,4,9/30/2020
317,19,2,140,2,9/30/2020
318,1,79,334,3,9/30/2020
319,14,7,87,3,9/30/2020
320,9,42,169,2,10/1/2020
321,16,86,221,2,10/1/2020
322,5,67,369,5,10/1/2020
323,3,46,302,2,10/1/2020
324,3,80,341,4,10/1/2020
325,14,27,404,1,10/1/2020
326,20,4,181,2,10/1/2020
327,4,66,34,2,10/2/2020
328,7,1,449,5,10/2/2020
329,19,45,263,3,10/2/2020
330,6,14,9,1,10/2/2020
331,15,83,405,3,10/2/2020
332,3,3,385,4,10/3/2020
333,7,20,197,3,10/3/2020
334,13,50,234,3,10/4/2020
335,13,19,99,3,10/4/2020
336,13,62,462,2,10/5/2020
337,13,92,77,1,10/5/2020
338,14,51,336,3,10/5/2020
339,4,17,204,2,10/5/2020
340,3,25,185,2,10/5/2020
341,8,1,242,1,10/5/2020
342,7,66,403,3,10/6/2020
343,18,73,389,1,10/6/2020
344,3,85,75,4,10/7/2020
345,9,62,287,3,10/7/2020
346,2,29,323,4,10/8/2020
347,13,68,187,3,10/8/2020
348,11,12,169,4,10/9/2020
349,7,74,237,2,10/9/2020
350,1,41,376,3,10/9/2020
351,7,33,242,4,10/9/2020
352,8,56,227,1,10/10/2020
353,8,72,59,4,10/10/2020
354,1,86,425,3,10/10/2020
355,6,40,455,5,10/10/2020
356,8,32,388,3,10/10/2020
357,15,44,139,3,10/10/2020
358,6,74,489,3,10/12/2020
359,1,88,395,2,10/13/2020
360,4,21,150,1,10/13/2020
361,14,51,431,3,10/13/2020
362,10,39,316,2,10/14/2020
363,7,72,111,5,10/14/2020
364,1,57,485,3,10/14/2020
365,9,23,287,2,10/14/2020
366,7,31,180,1,10/15/2020
367,13,47,382,1,10/16/2020
368,20,86,388,1,10/16/2020
369,2,13,171,3,10/16/2020
370,19,33,136,4,10/18/2020
371,1,47,182,5,10/18/2020
372,15,46,56,3,10/18/2020
373,20,89,478,1,10/19/2020
374,14,93,322,1,10/19/2020
375,16,52,39,5,10/19/2020
376,3,1,148,4,10/20/2020
377,6,87,14,1,10/21/2020
378,17,7,278,3,10/22/2020
379,9,33,118,2,10/22/2020
380,20,26,58,3,10/22/2020
381,6,92,340,4,10/22/2020
382,7,34,86,3,10/22/2020
383,2,59,379,3,10/23/2020
384,8,98,275,4,10/23/2020
385,4,54,171,3,10/23/2020
386,19,49,163,4,10/23/2020
387,4,71,481,4,10/24/2020
388,3,96,130,4,10/24/2020
389,5,81,385,1,10/25/2020
390,9,65,275,4,10/25/2020
391,4,75,183,1,10/25/2020
392,3,91,134,3,10/26/2020
393,8,90,213,4,10/26/2020
394,8,75,237,3,10/26/2020
395,19,38,394,5,10/26/2020
396,13,55,369,3,10/27/2020
397,14,62,392,4,10/27/2020
398,13,21,61,1,10/28/2020
399,17,64,43,4,10/28/2020
400,10,48,129,4,10/28/2020
401,9,36,310,4,10/28/2020
402,11,53,236,2,10/29/2020
403,7,78,324,2,10/29/2020
404,13,18,473,5,10/29/2020
405,19,46,74,1,10/29/2020
406,12,21,236,5,10/30/2020
407,2,60,97,1,10/30/2020
408,7,82,142,5,10/30/2020
409,6,33,436,2,10/30/2020
410,17,86,258,4,11/1/2020
411,6,97,189,3,11/1/2020
412,16,94,347,3,11/1/2020
413,3,83,372,1,11/2/2020
414,15,67,421,3,11/2/2020
415,6,89,398,4,11/3/2020
416,8,33,368,3,11/3/2020
417,6,48,470,4,11/3/2020
418,5,39,394,3,11/4/2020
419,10,37,134,4,11/4/2020
420,14,65,463,2,11/4/2020
421,4,25,463,3,11/5/2020
422,1,42,130,3,11/5/2020
423,13,50,389,2,11/5/2020
424,16,7,195,3,11/5/2020
425,16,94,155,3,11/6/2020
426,5,72,446,1,11/6/2020
427,9,34,171,2,11/6/2020
428,18,55,277,4,11/7/2020
429,1,11,80,5,11/8/2020
430,2,64,418,4,11/8/2020
431,6,74,270,4,11/9/2020
432,20,61,392,1,11/9/2020
433,13,48,249,3,11/9/2020
434,8,62,483,3,11/10/2020
435,18,65,337,5,11/11/2020
436,18,75,4,4,11/11/2020
437,6,67,234,4,11/11/2020
438,4,91,180,4,11/12/2020
439,5,33,18,3,11/12/2020
440,16,99,200,4,11/13/2020
441,14,37,474,5,11/13/2020
442,10,83,331,1,11/13/2020
443,16,48,259,5,11/14/2020
444,5,87,163,3,11/15/2020
445,15,65,233,5,11/15/2020
446,6,90,378,1,11/15/2020
447,19,5,306,2,11/15/2020
448,1,11,418,5,11/15/2020
449,4,81,13,2,11/16/2020
450,7,87,7,4,11/16/2020
451,5,76,388,2,11/16/2020
452,3,56,438,4,11/16/2020
453,13,80,389,3,11/17/2020
454,17,20,201,2,11/18/2020
455,13,55,417,2,11/18/2020
456,14,6,322,4,11/19/2020
457,1,33,406,1,11/20/2020
458,17,91,294,4,11/20/2020
459,19,65,278,5,11/20/2020
460,16,88,29,5,11/20/2020
461,19,95,344,5,11/22/2020
462,11,38,125,1,11/23/2020
463,18,21,117,2,11/23/2020
464,3,5,417,2,11/23/2020
465,5,51,470,4,11/23/2020
466,6,51,175,3,11/23/2020
467,20,56,305,3,11/24/2020
468,11,71,454,2,11/24/2020
469,5,51,408,2,11/24/2020
470,11,30,32,3,11/24/2020
471,15,94,102,4,11/25/2020
472,13,35,433,3,11/25/2020
473,13,41,451,2,11/25/2020
474,12,30,393,4,11/26/2020
475,17,10,17,1,11/26/2020
476,1,94,319,1,11/26/2020
477,12,30,408,4,11/27/2020
478,20,61,481,1,11/27/2020
479,12,55,319,1,11/28/2020
480,6,74,212,4,11/29/2020
481,8,76,439,2,11/29/2020
482,15,14,415,5,11/29/2020
483,9,15,422,1,11/30/2020
484,14,15,490,2,11/30/2020
485,20,21,283,1,11/30/2020
486,2,58,111,5,11/30/2020
487,1,42,108,4,12/1/2020
488,18,92,371,5,12/1/2020
489,7,17,69,3,12/2/2020
490,18,57,264,2,12/3/2020
491,9,21,315,4,12/3/2020
492,8,56,239,4,12/4/2020
493,16,98,124,2,12/4/2020
494,4,79,91,3,12/5/2020
495,13,99,320,3,12/5/2020
496,6,5,112,3,12/5/2020
497,15,70,488,2,12/5/2020
498,11,84,394,1,12/5/2020
499,12,97,120,2,12/6/2020
500,17,14,168,3,12/6/2020
501,7,89,122,3,12/6/2020
502,5,50,333,3,12/6/2020
503,8,3,131,5,12/7/2020
504,1,75,102,2,12/7/2020
505,18,28,48,4,12/7/2020
506,9,21,283,3,12/7/2020
507,5,37,345,5,12/8/2020
508,14,42,129,3,12/8/2020
509,8,74,446,2,12/8/2020
510,7,54,57,3,12/9/2020
511,10,70,269,4,12/9/2020
512,9,56,70,5,12/9/2020
513,1,91,498,3,12/10/2020
514,1,42,331,5,12/10/2020
515,20,84,210,3,12/10/2020
516,16,94,303,4,12/10/2020
517,11,65,196,1,12/10/2020
518,8,5,401,3,12/11/2020
519,10,95,140,1,12/11/2020
520,19,52,70,4,12/11/2020
521,9,49,229,1,12/11/2020
522,5,37,498,3,12/11/2020
523,15,27,387,3,12/11/2020
524,17,65,442,2,12/11/2020
525,9,95,70,2,12/13/2020
526,4,61,214,4,12/13/2020
527,5,69,311,4,12/14/2020
528,14,92,468,3,12/14/2020
529,9,65,267,2,12/14/2020
530,16,38,352,3,12/14/2020
531,13,63,344,3,12/15/2020
532,1,36,24,1,12/16/2020
533,9,6,127,4,12/16/2020
534,4,90,242,1,12/16/2020
535,6,34,272,2,12/16/2020
536,5,100,481,1,12/17/2020
537,16,99,366,1,12/17/2020
538,5,100,376,4,12/17/2020
539,10,90,28,2,12/17/2020
540,9,36,444,3,12/18/2020
541,5,9,229,4,12/18/2020
542,17,87,275,2,12/19/2020
543,9,26,212,4,12/19/2020
544,1,62,93,3,12/19/2020
545,15,33,276,2,12/19/2020
546,11,50,331,2,12/20/2020
547,5,31,439,3,12/20/2020
548,11,89,139,2,12/21/2020
549,2,73,229,4,12/22/2020
550,16,40,338,3,12/23/2020
551,2,78,367,3,12/24/2020
552,6,39,28,1,12/24/2020
553,15,61,470,3,12/25/2020
554,15,72,52,2,12/25/2020
555,1,65,169,2,12/25/2020
556,18,65,489,3,12/27/2020
557,5,66,384,3,12/27/2020
558,20,91,405,1,12/28/2020
559,1,78,443,2,12/29/2020
560,2,31,276,1,12/29/2020
561,7,59,294,1,12/29/2020
562,3,14,410,4,12/30/2020
563,18,70,285,2,12/30/2020
564,4,17,181,1,12/30/2020
565,7,3,329,3,12/30/2020
566,20,67,302,3,12/30/2020
567,6,53,495,6,12/30/2020
568,19,59,492,3,12/30/2020
569,4,100,51,2,12/31/2020
570,7,14,99,5,12/31/2020
571,1,84,239,3,12/31/2020
572,3,41,288,3,1/1/2021
573,20,3,91,3,1/1/2021
574,11,25,435,1,1/2/2021
575,18,76,291,3,1/2/2021
576,12,73,334,2,1/2/2021
577,19,4,471,1,1/2/2021
578,16,83,272,2,1/3/2021
579,3,31,264,2,1/3/2021
580,20,55,378,2,1/4/2021
581,15,90,372,3,1/4/2021
582,12,57,237,2,1/4/2021
583,4,64,395,2,1/4/2021
584,19,13,437,1,1/5/2021
585,19,57,379,1,1/5/2021
586,15,77,397,4,1/5/2021
587,9,53,281,1,1/5/2021
588,19,17,207,3,1/6/2021
589,4,100,230,1,1/6/2021
590,18,7,494,3,1/7/2021
591,18,73,493,3,1/7/2021
592,11,68,262,1,1/7/2021
593,3,21,43,1,1/7/2021
594,19,68,308,4,1/8/2021
595,13,12,422,1,1/8/2021
596,8,81,492,4,1/8/2021
597,4,23,81,4,1/9/2021
598,13,62,151,2,1/10/2021
599,11,61,13,2,1/10/2021
600,20,62,489,2,1/10/2021
601,8,68,495,2,1/10/2021
602,18,12,300,3,1/10/2021
603,13,94,254,3,1/10/2021
604,3,68,368,4,1/10/2021
605,1,98,358,2,1/11/2021
606,9,76,318,3,1/11/2021
607,16,38,435,1,1/12/2021
608,7,48,142,3,1/12/2021
609,12,54,375,4,1/12/2021
610,8,78,314,3,1/12/2021
611,13,71,485,3,1/12/2021
612,16,94,160,3,1/13/2021
613,9,5,172,2,1/13/2021
614,6,61,378,2,1/13/2021
615,12,84,486,4,1/14/2021
616,20,54,85,4,1/14/2021
617,2,79,332,2,1/16/2021
618,18,100,497,2,1/17/2021
619,11,89,128,4,1/18/2021
620,18,67,234,3,1/18/2021
621,19,44,12,1,1/19/2021
622,19,31,211,2,1/20/2021
623,5,93,450,2,1/20/2021
624,3,46,341,3,1/20/2021
625,8,11,186,2,1/21/2021
626,13,35,22,1,1/22/2021
627,4,78,27,1,1/22/2021
628,11,84,464,4,1/22/2021
629,11,57,193,2,1/23/2021
630,19,52,381,1,1/23/2021
631,3,100,99,3,1/24/2021
632,13,95,378,3,1/24/2021
633,17,44,201,1,1/24/2021
634,19,4,155,3,1/26/2021
635,6,4,26,1,1/26/2021
636,5,36,52,4,1/28/2021
637,16,44,286,1,1/28/2021
638,19,6,169,1,1/29/2021
639,17,18,46,1,1/29/2021
640,8,23,291,3,1/30/2021
641,3,79,28,4,1/30/2021
642,18,33,211,2,1/31/2021
643,1,90,424,1,1/31/2021
644,3,4,487,1,1/31/2021
645,1,77,446,1,2/1/2021
646,8,86,185,3,2/1/2021
647,12,56,175,3,2/1/2021
648,8,51,314,2,2/2/2021
649,11,22,197,2,2/3/2021
650,16,24,98,3,2/3/2021
651,17,29,162,1,2/4/2021
652,14,78,186,1,2/4/2021
653,6,14,396,2,2/4/2021
654,4,11,267,4,2/5/2021
655,13,71,400,1,2/6/2021
656,19,78,165,3,2/6/2021
657,7,8,18,1,2/6/2021
658,20,68,47,3,2/7/2021
659,11,38,483,4,2/7/2021
660,13,3,261,1,2/8/2021
661,20,61,485,1,2/8/2021
662,20,50,360,2,2/8/2021
663,14,35,131,3,2/9/2021
664,15,71,390,2,2/9/2021
665,15,66,126,3,2/9/2021
666,20,48,60,2,2/10/2021
667,7,99,38,3,2/10/2021
668,13,63,325,3,2/10/2021
669,15,49,252,3,2/11/2021
670,13,34,234,1,2/12/2021
671,3,48,457,3,2/12/2021
672,9,52,115,3,2/12/2021
673,16,57,411,1,2/14/2021
674,20,25,410,1,2/14/2021
675,12,46,26,1,2/14/2021
676,5,61,419,1,2/14/2021
677,4,96,77,2,2/14/2021
678,19,31,72,1,2/15/2021
679,5,93,208,2,2/15/2021
680,12,37,146,1,2/15/2021
681,6,24,36,1,2/15/2021
682,9,30,76,3,2/15/2021
683,14,47,100,2,2/15/2021
684,5,54,84,2,2/15/2021
685,8,3,302,1,2/15/2021
686,4,35,29,2,2/15/2021
687,14,22,372,4,2/16/2021
688,12,34,386,3,2/16/2021
689,1,69,287,4,2/16/2021
690,8,15,461,3,2/17/2021
691,6,51,284,3,2/17/2021
692,2,39,237,3,2/17/2021
693,16,10,42,1,2/17/2021
694,14,16,114,1,2/17/2021
695,11,84,461,1,2/17/2021
696,12,95,195,3,2/18/2021
697,12,24,376,2,2/18/2021
698,14,21,440,1,2/18/2021
699,8,42,56,3,2/18/2021
700,17,90,111,3,2/18/2021
701,12,73,245,3,2/19/2021
702,14,6,250,1,2/19/2021
703,17,90,374,3,2/19/2021
704,18,10,184,2,2/20/2021
705,4,61,307,3,2/20/2021
706,10,40,25,3,2/20/2021
707,3,88,313,2,2/21/2021
708,14,33,489,1,2/22/2021
709,19,68,195,2,2/22/2021
710,7,6,2,2,2/23/2021
711,16,71,286,4,2/23/2021
712,6,64,374,2,2/24/2021
713,8,19,391,2,2/24/2021
714,6,45,281,4,2/24/2021
715,5,21,121,2,2/24/2021
716,1,77,279,3,2/25/2021
717,16,32,495,1,2/25/2021
718,12,35,108,4,2/25/2021
719,14,18,370,1,2/25/2021
720,4,82,14,2,2/26/2021
721,18,86,437,2,2/27/2021
722,20,64,429,3,2/27/2021
723,7,90,269,3,2/27/2021
724,3,39,457,4,2/27/2021
725,1,17,396,1,3/1/2021
726,13,1,440,1,3/1/2021
727,15,87,268,2,3/1/2021
728,14,22,207,4,3/1/2021
729,3,79,247,2,3/1/2021
730,9,80,465,1,3/1/2021
731,16,86,367,1,3/1/2021
732,11,52,334,3,3/2/2021
733,20,95,84,2,3/2/2021
734,14,5,147,4,3/2/2021
735,13,4,108,4,3/2/2021
736,7,72,241,2,3/3/2021
737,10,35,175,3,3/4/2021
738,6,83,143,4,3/4/2021
739,14,12,485,3,3/4/2021
740,5,40,270,1,3/5/2021
741,1,69,276,4,3/5/2021
742,11,38,217,1,3/5/2021
743,15,42,147,4,3/6/2021
744,10,43,320,1,3/6/2021
745,14,97,398,2,3/6/2021
746,17,13,94,1,3/6/2021
747,4,86,332,2,3/6/2021
748,13,41,343,4,3/7/2021
749,11,80,46,1,3/7/2021
750,19,80,476,2,3/8/2021
751,11,50,254,1,3/8/2021
752,5,56,295,2,3/8/2021
753,9,9,260,3,3/9/2021
754,3,40,83,1,3/10/2021
755,19,70,446,1,3/10/2021
756,3,88,131,2,3/10/2021
757,4,39,251,3,3/11/2021
758,13,80,302,3,3/12/2021
759,13,2,67,3,3/12/2021
760,11,71,246,1,3/12/2021
761,6,70,294,1,3/12/2021
762,7,82,165,1,3/13/2021
763,19,90,188,3,3/14/2021
764,18,67,336,3,3/14/2021
765,20,97,331,3,3/14/2021
766,5,79,401,3,3/15/2021
767,6,79,16,3,3/15/2021
768,1,36,354,3,3/15/2021
769,19,16,323,4,3/15/2021
770,14,33,254,2,3/15/2021
771,16,27,298,3,3/16/2021
772,14,11,338,4,3/16/2021
773,2,87,5,2,3/16/2021
774,11,25,226,2,3/17/2021
775,9,11,314,1,3/17/2021
776,16,5,199,3,3/18/2021
777,20,35,401,1,3/18/2021
778,19,86,476,3,3/18/2021
779,11,68,360,2,3/18/2021
780,8,99,186,2,3/19/2021
781,10,92,161,1,3/19/2021
782,4,74,40,4,3/19/2021
783,10,43,464,3,3/19/2021
784,6,47,217,2,3/20/2021
785,5,75,124,2,3/20/2021
786,5,83,354,4,3/21/2021
787,9,2,494,1,3/21/2021
788,9,21,100,1,3/22/2021
789,11,25,75,4,3/22/2021
790,9,11,40,2,3/23/2021
791,11,6,393,4,3/23/2021
792,1,44,274,2,3/23/2021
793,7,84,333,2,3/24/2021
794,3,81,266,1,3/24/2021
795,12,14,191,4,3/24/2021
796,18,7,146,2,3/25/2021
797,2,31,39,4,3/25/2021
798,2,17,88,1,3/25/2021
799,8,34,141,3,3/26/2021
800,8,8,80,2,3/26/2021
801,12,10,437,1,3/26/2021
802,4,62,217,2,3/27/2021
803,12,67,289,3,3/27/2021
804,12,76,482,2,3/27/2021
805,13,30,69,2,3/27/2021
806,13,58,319,1,3/27/2021
807,5,26,17,1,3/27/2021
808,16,49,161,3,3/28/2021
809,7,43,248,4,3/28/2021
810,13,5,461,2,3/28/2021
811,19,44,496,3,3/28/2021
812,4,58,255,1,3/29/2021
813,5,63,387,3,3/29/2021
814,9,77,87,2,3/29/2021
815,14,2,161,4,3/29/2021
816,6,59,246,3,3/29/2021
817,19,63,275,3,3/29/2021
818,17,11,205,4,3/31/2021
819,7,91,420,2,3/31/2021
820,4,30,396,2,3/31/2021
821,7,68,446,4,4/2/2021
822,11,32,390,4,4/2/2021
823,11,65,56,3,4/3/2021
824,14,14,369,1,4/4/2021
825,15,21,110,3,4/5/2021
826,17,47,270,2,4/5/2021
827,11,57,88,1,4/5/2021
828,16,36,206,2,4/6/2021
829,13,54,348,2,4/6/2021
830,16,98,163,3,4/6/2021
831,10,62,418,4,4/7/2021
832,9,6,221,1,4/7/2021
833,13,31,482,2,4/7/2021
834,3,72,264,2,4/8/2021
835,15,47,116,4,4/9/2021
836,6,11,465,1,4/9/2021
837,8,59,296,1,4/9/2021
838,3,91,495,3,4/9/2021
839,19,73,116,2,4/9/2021
840,10,27,144,3,4/10/2021
841,7,74,400,1,4/10/2021
842,16,89,311,4,4/10/2021
843,20,1,377,4,4/10/2021
844,5,81,319,3,4/10/2021
845,4,4,406,3,4/10/2021
846,16,28,308,4,4/11/2021
847,17,13,317,3,4/11/2021
848,4,63,377,2,4/11/2021
849,9,13,405,2,4/12/2021
850,5,87,493,4,4/12/2021
851,7,93,173,4,4/13/2021
852,6,63,488,2,4/13/2021
853,5,54,234,4,4/13/2021
854,8,35,428,2,4/14/2021
855,13,3,361,2,4/14/2021
856,10,13,288,1,4/15/2021
857,15,94,391,4,4/15/2021
858,9,62,306,3,4/15/2021
859,7,69,255,4,4/15/2021
860,2,39,185,2,4/15/2021
861,9,92,403,1,4/16/2021
862,16,53,216,3,4/16/2021
863,14,89,342,2,4/16/2021
864,3,34,432,4,4/16/2021
865,14,47,133,2,4/16/2021
866,1,90,36,4,4/17/2021
867,10,11,2,2,4/17/2021
868,2,62,146,5,4/17/2021
869,1,73,120,3,4/17/2021
870,8,64,134,3,4/18/2021
871,2,24,342,4,4/18/2021
872,8,77,409,3,4/19/2021
873,9,7,42,2,4/20/2021
874,2,68,30,4,4/20/2021
875,14,20,15,4,4/20/2021
876,5,66,217,2,4/21/2021
877,16,27,332,2,4/21/2021
878,1,24,358,3,4/21/2021
879,3,31,125,4,4/21/2021
880,6,22,491,2,4/21/2021
881,5,62,352,2,4/21/2021
882,2,11,443,1,4/21/2021
883,16,42,414,4,4/22/2021
884,19,67,225,4,4/22/2021
885,6,59,417,1,4/22/2021
886,3,60,147,1,4/22/2021
887,16,8,215,1,4/23/2021
888,16,87,415,2,4/24/2021
889,14,94,244,4,4/24/2021
890,8,59,385,3,4/25/2021
891,8,60,241,1,4/25/2021
892,13,74,125,1,4/26/2021
893,14,49,249,2,4/26/2021
894,6,40,172,3,4/27/2021
895,5,25,496,4,4/28/2021
896,15,68,302,2,4/28/2021
897,17,12,285,3,4/29/2021
898,14,13,180,2,4/29/2021
899,5,85,89,4,4/29/2021
900,8,49,145,3,4/29/2021
901,6,87,112,4,4/29/2021
902,18,35,206,1,4/29/2021
903,20,89,348,1,4/30/2021
904,13,20,315,4,4/30/2021
905,12,57,187,2,4/30/2021
906,15,24,363,1,4/30/2021
907,14,54,280,2,5/1/2021
908,9,65,290,1,5/1/2021
909,1,19,260,3,5/1/2021
910,9,6,460,2,5/2/2021
911,18,22,430,1,5/3/2021
912,11,45,421,4,5/3/2021
913,5,20,429,3,5/3/2021
914,17,72,198,5,5/4/2021
915,7,85,150,5,5/4/2021
916,10,97,300,4,5/4/2021
917,4,72,241,1,5/4/2021
918,18,9,464,2,5/4/2021
919,20,84,445,1,5/4/2021
920,16,93,44,2,5/5/2021
921,8,26,85,3,5/5/2021
922,13,14,130,4,5/5/2021
923,19,12,413,3,5/5/2021
924,19,20,395,2,5/6/2021
925,19,37,17,2,5/6/2021
926,2,22,188,1,5/6/2021
927,11,66,297,5,5/7/2021
928,11,30,308,4,5/8/2021
929,20,2,453,2,5/9/2021
930,10,10,474,3,5/9/2021
931,2,72,6,2,5/10/2021
932,4,65,236,2,5/10/2021
933,20,91,417,3,5/10/2021
934,5,85,267,4,5/11/2021
935,6,81,44,4,5/11/2021
936,14,69,112,2,5/11/2021
937,16,98,323,4,5/12/2021
938,16,10,319,3,5/12/2021
939,7,44,226,2,5/12/2021
940,3,33,40,1,5/12/2021
941,1,92,491,3,5/12/2021
942,4,6,120,2,5/13/2021
943,7,31,409,3,5/13/2021
944,2,87,377,3,5/14/2021
945,1,65,11,4,5/14/2021
946,14,60,91,4,5/15/2021
947,6,13,426,1,5/15/2021
948,4,12,300,3,5/15/2021
949,2,78,464,1,5/15/2021
950,13,62,431,4,5/16/2021
951,1,70,272,1,5/16/2021
952,8,46,112,1,5/17/2021
953,17,57,73,2,5/17/2021
954,20,82,51,1,5/18/2021
955,15,15,455,1,5/18/2021
956,3,27,237,2,5/19/2021
957,6,7,67,5,5/19/2021
958,10,53,206,2,5/20/2021
959,7,73,282,1,5/20/2021
960,14,78,414,1,5/20/2021
961,14,81,387,4,5/21/2021
962,13,2,359,2,5/21/2021
963,18,64,392,1,5/21/2021
964,18,94,334,3,5/22/2021
965,20,76,349,1,5/23/2021
966,6,85,107,1,5/23/2021
967,19,28,385,2,5/23/2021
968,16,27,7,4,5/23/2021
969,12,5,120,3,5/23/2021
970,9,58,75,1,5/24/2021
971,20,21,325,1,5/24/2021
972,8,59,345,2,5/25/2021
973,20,83,391,2,5/25/2021
974,9,37,122,2,5/25/2021
975,17,37,392,3,5/26/2021
976,19,88,91,1,5/26/2021
977,10,16,282,3,5/26/2021
978,5,92,352,2,5/27/2021
979,10,53,236,4,5/27/2021
980,2,23,162,3,5/27/2021
981,5,61,6,3,5/27/2021
982,8,75,418,1,5/27/2021
983,3,24,391,2,5/27/2021
984,4,40,210,4,5/27/2021
985,10,44,119,3,5/28/2021
986,20,37,416,3,5/28/2021
987,7,31,370,4,5/28/2021
988,4,89,67,4,5/28/2021
989,17,92,200,3,5/28/2021
990,12,48,257,5,5/29/2021
991,12,79,296,3,5/29/2021
992,8,67,195,3,5/29/2021
993,19,16,23,1,5/29/2021
994,20,80,483,1,5/29/2021
995,18,12,440,2,5/30/2021
996,3,53,253,4,5/30/2021
997,16,80,30,3,5/30/2021
998,5,32,265,4,5/30/2021
999,3,28,329,1,5/30/2021
1000,16,6,96,1,5/30/2021
1001,18,89,13,1,6/1/2021
1002,4,27,459,4,6/1/2021
1003,10,64,257,2,6/1/2021
1004,1,6,468,3,6/1/2021
1005,12,61,336,3,6/1/2021
1006,19,91,189,2,6/2/2021
1007,9,32,416,2,6/2/2021
1008,15,73,143,2,6/3/2021
1009,4,76,129,1,6/3/2021
1010,9,90,64,1,6/4/2021
1011,3,82,290,3,6/4/2021
1012,18,88,468,3,6/5/2021
1013,1,5,155,2,6/5/2021
1014,19,12,25,1,6/5/2021
1015,6,64,255,2,6/6/2021
1016,14,53,407,2,6/6/2021
1017,17,56,87,2,6/7/2021
1018,15,60,259,2,6/7/2021
1019,15,68,263,2,6/8/2021
1020,12,40,463,4,6/9/2021
1021,4,30,170,1,6/9/2021
1022,6,17,192,2,6/10/2021
1023,2,62,138,2,6/10/2021
1024,19,30,495,2,6/10/2021
1025,5,89,233,3,6/11/2021
1026,19,49,487,2,6/11/2021
1027,4,46,417,2,6/11/2021
1028,19,54,230,2,6/11/2021
1029,13,52,33,3,6/11/2021
1030,16,43,459,2,6/11/2021
1031,14,30,102,3,6/11/2021
1032,5,9,252,4,6/12/2021
1033,18,52,111,2,6/12/2021
1034,10,17,495,5,6/13/2021
1035,5,25,426,1,6/13/2021
1036,16,34,266,4,6/13/2021
1037,3,44,166,1,6/13/2021
1038,10,71,491,1,6/13/2021
1039,12,27,299,4,6/16/2021
1040,15,73,292,4,6/16/2021
1041,20,5,267,1,6/16/2021
1042,16,61,76,4,6/16/2021
1043,4,84,487,2,6/16/2021
1044,5,40,40,1,6/17/2021
1045,18,17,64,2,6/17/2021
1046,15,35,181,1,6/17/2021
1047,17,49,352,1,6/18/2021
1048,6,78,428,4,6/18/2021
1049,6,11,169,4,6/18/2021
1050,11,53,339,4,6/18/2021
1051,13,89,477,2,6/18/2021
1052,11,67,74,3,6/19/2021
1053,8,11,126,2,6/19/2021
1054,15,51,162,3,6/19/2021
1055,2,17,427,3,6/19/2021
1056,20,35,203,4,6/20/2021
1057,17,10,240,1,6/21/2021
1058,5,95,131,3,6/21/2021
1059,18,8,239,1,6/21/2021
1060,12,39,357,3,6/21/2021
1061,4,75,204,1,6/21/2021
1062,18,99,21,3,6/22/2021
1063,4,27,167,4,6/23/2021
1064,15,71,452,1,6/23/2021
1065,11,71,338,2,6/24/2021
1066,2,85,7,1,6/24/2021
1067,9,51,99,1,6/25/2021
1068,7,1,41,3,6/26/2021
1069,8,26,25,1,6/26/2021
1070,9,36,318,1,6/26/2021
1071,20,36,16,2,6/27/2021
1072,18,39,289,5,6/28/2021
1073,11,45,339,1,6/30/2021
1074,5,10,172,3,6/30/2021
1075,19,89,46,4,6/30/2021
1076,9,18,111,1,7/1/2021
1077,16,61,256,5,7/1/2021
1078,15,11,463,4,7/1/2021
1079,12,5,151,4,7/1/2021
1080,12,68,82,4,7/1/2021
1081,13,66,111,4,7/1/2021
1082,9,57,478,3,7/2/2021
1083,8,64,379,1,7/3/2021
1084,13,97,197,2,7/4/2021
1085,13,14,94,5,7/4/2021
1086,6,4,10,3,7/4/2021
1087,5,14,328,4,7/5/2021
1088,15,96,472,4,7/5/2021
1089,9,72,197,3,7/5/2021
1090,1,92,485,1,7/5/2021
1091,11,81,403,5,7/5/2021
1092,1,12,417,4,7/5/2021
1093,10,32,33,4,7/7/2021
1094,14,47,63,4,7/7/2021
1095,16,64,141,1,7/8/2021
1096,6,39,326,4,7/8/2021
1097,14,29,451,1,7/8/2021
1098,3,28,31,1,7/8/2021
1099,13,77,117,3,7/9/2021
1100,10,49,91,1,7/9/2021
1101,17,12,479,3,7/9/2021
1102,13,38,270,2,7/10/2021
1103,8,40,295,2,7/10/2021
1104,8,86,383,2,7/11/2021
1105,9,72,80,4,7/12/2021
1106,6,27,297,3,7/12/2021
1107,11,93,37,2,7/12/2021
1108,9,28,258,1,7/13/2021
1109,20,72,475,3,7/13/2021
1110,7,27,458,4,7/13/2021
1111,5,53,159,2,7/13/2021
1112,1,24,393,1,7/13/2021
1113,18,43,12,4,7/14/2021
1114,13,67,269,4,7/14/2021
1115,4,57,259,1,7/15/2021
1116,12,70,101,4,7/15/2021
1117,8,24,357,3,7/17/2021
1118,6,89,135,4,7/17/2021
1119,14,25,283,4,7/17/2021
1120,9,57,480,4,7/18/2021
1121,5,29,260,5,7/19/2021
1122,9,23,20,4,7/19/2021
1123,18,46,385,3,7/19/2021
1124,16,26,66,1,7/20/2021
1125,13,58,178,3,7/20/2021
1126,1,71,453,2,7/21/2021
1127,17,3,105,2,7/21/2021
1128,3,83,63,2,7/22/2021
1129,7,87,474,5,7/22/2021
1130,2,27,125,4,7/23/2021
1131,11,67,452,4,7/23/2021
1132,19,48,297,1,7/23/2021
1133,15,16,211,5,7/23/2021
1134,20,64,63,1,7/24/2021
1135,15,100,106,1,7/24/2021
1136,2,39,490,2,7/24/2021
1137,9,13,158,5,7/24/2021
1138,3,96,447,4,7/26/2021
1139,11,100,65,4,7/27/2021
1140,9,61,404,1,7/27/2021
1141,15,67,47,5,7/27/2021
1142,1,96,217,5,7/28/2021
1143,16,40,374,4,7/28/2021
1144,13,98,65,2,7/29/2021
1145,1,4,205,2,7/29/2021
1146,10,69,209,4,7/29/2021
1147,4,63,110,4,7/29/2021
1148,11,45,113,3,7/30/2021
1149,16,39,424,1,7/30/2021
1150,6,24,213,3,7/30/2021
1151,8,98,209,2,7/30/2021
1152,16,38,182,3,7/31/2021
1153,20,52,219,1,7/31/2021
1154,8,74,39,1,7/31/2021
1155,11,68,300,2,7/31/2021
1156,1,3,255,3,7/31/2021
1157,14,23,226,1,8/1/2021
1158,12,38,10,3,8/2/2021
1159,4,31,294,4,8/2/2021
1160,19,77,490,1,8/2/2021
1161,3,45,316,3,8/3/2021
1162,4,47,73,1,8/4/2021
1163,20,81,414,4,8/4/2021
1164,11,36,400,2,8/4/2021
1165,18,26,168,1,8/5/2021
1166,10,95,234,1,8/5/2021
1167,14,28,481,4,8/6/2021
1168,9,87,438,1,8/6/2021
1169,15,56,281,5,8/7/2021
1170,1,28,283,5,8/8/2021
1171,20,61,140,1,8/8/2021
1172,19,98,185,3,8/8/2021
1173,19,42,31,2,8/8/2021
1174,2,95,316,5,8/9/2021
1175,10,41,473,2,8/9/2021
1176,6,43,313,1,8/9/2021
1177,2,20,314,2,8/10/2021
1178,16,25,255,2,8/11/2021
1179,18,63,194,1,8/11/2021
1180,12,60,52,3,8/11/2021
1181,15,48,375,4,8/11/2021
1182,3,51,191,4,8/11/2021
1183,8,79,27,3,8/11/2021
1184,2,22,399,3,8/11/2021
1185,16,99,425,1,8/12/2021
1186,12,28,205,3,8/12/2021
1187,9,92,497,1,8/12/2021
1188,5,88,384,2,8/13/2021
1189,16,79,165,3,8/14/2021
1190,5,89,222,1,8/14/2021
1191,11,67,191,1,8/14/2021
1192,16,73,105,5,8/14/2021
1193,13,47,106,5,8/15/2021
1194,3,9,251,5,8/15/2021
1195,18,81,385,2,8/16/2021
1196,19,60,138,5,8/16/2021
1197,17,22,351,2,8/16/2021
1198,7,25,464,1,8/16/2021
1199,13,65,400,3,8/17/2021
1200,18,17,267,1,8/17/2021
1201,9,47,45,3,8/18/2021
1202,19,21,295,5,8/18/2021
1203,16,25,181,5,8/18/2021
1204,9,53,474,1,8/19/2021
1205,6,26,188,4,8/19/2021
1206,8,83,406,4,8/19/2021
1207,19,8,325,4,8/20/2021
1208,18,37,382,2,8/20/2021
1209,1,60,231,1,8/20/2021
1210,14,23,239,4,8/20/2021
1211,1,26,305,1,8/21/2021
1212,8,57,322,5,8/22/2021
1213,2,36,403,5,8/22/2021
1214,3,7,2,4,8/22/2021
1215,8,77,290,1,8/23/2021
1216,19,75,157,3,8/24/2021
1217,19,8,272,2,8/24/2021
1218,14,90,433,1,8/25/2021
1219,16,45,97,2,8/25/2021
1220,6,81,299,4,8/26/2021
1221,18,39,329,2,8/26/2021
1222,7,25,21,3,8/26/2021
1223,15,48,107,1,8/27/2021
1224,8,12,405,4,8/27/2021
1225,2,18,263,4,8/28/2021
1226,14,39,433,3,8/29/2021
1227,2,45,108,3,8/29/2021
1228,13,28,331,2,8/29/2021
1229,14,1,301,1,8/29/2021
1230,13,70,443,2,8/30/2021
1231,19,73,107,4,8/30/2021
1232,3,3,70,2,8/31/2021
1233,4,66,31,1,8/31/2021
1234,1,75,96,2,8/31/2021
1235,6,23,373,2,9/1/2021
1236,10,53,236,4,9/1/2021
1237,8,5,359,3,9/2/2021
1238,11,5,371,1,9/2/2021
1239,12,75,260,4,9/2/2021
1240,8,34,70,2,9/2/2021
1241,16,61,236,2,9/2/2021
1242,9,80,78,2,9/3/2021
1243,5,67,303,3,9/4/2021
1244,10,10,111,4,9/5/2021
1245,3,25,7,2,9/5/2021
1246,19,26,158,2,9/5/2021
1247,9,50,392,4,9/5/2021
1248,6,19,133,4,9/5/2021
1249,1,37,411,3,9/5/2021
1250,15,3,468,3,9/6/2021
1251,13,93,1,5,9/6/2021
1252,12,57,360,3,9/7/2021
1253,3,97,230,4,9/7/2021
1254,14,70,381,2,9/7/2021
1255,3,22,4,2,9/8/2021
1256,6,93,426,1,9/8/2021
1257,9,34,30,2,9/8/2021
1258,7,12,471,2,9/8/2021
1259,12,77,124,1,9/9/2021
1260,1,45,156,1,9/10/2021
1261,18,13,232,5,9/10/2021
1262,6,99,221,4,9/11/2021
1263,6,4,451,2,9/11/2021
1264,11,83,384,4,9/12/2021
1265,5,7,155,2,9/12/2021
1266,4,70,200,1,9/12/2021
1267,7,48,96,3,9/13/2021
1268,3,48,258,1,9/13/2021
1269,13,67,37,1,9/14/2021
1270,4,80,263,5,9/14/2021
1271,19,72,122,1,9/14/2021
1272,4,54,83,2,9/15/2021
1273,11,69,415,3,9/15/2021
1274,13,39,63,3,9/15/2021
1275,10,75,27,2,9/16/2021
1276,14,17,78,1,9/16/2021
1277,12,13,5,3,9/16/2021
1278,2,1,206,4,9/17/2021
1279,2,37,173,3,9/17/2021
1280,20,41,240,1,9/17/2021
1281,12,86,260,1,9/17/2021
1282,8,9,477,3,9/18/2021
1283,14,90,342,4,9/19/2021
1284,5,80,76,4,9/20/2021
1285,9,25,38,5,9/20/2021
1286,7,20,295,3,9/21/2021
1287,1,44,101,1,9/21/2021
1288,6,65,337,3,9/21/2021
1289,8,99,111,2,9/21/2021
1290,13,15,157,2,9/21/2021
1291,6,45,344,4,9/21/2021
1292,18,100,486,2,9/21/2021
1293,15,84,119,3,9/21/2021
1294,20,11,65,1,9/22/2021
1295,18,71,280,3,9/22/2021
1296,1,44,360,1,9/23/2021
1297,6,31,193,1,9/23/2021
1298,1,58,395,2,9/23/2021
1299,10,27,268,4,9/24/2021
1300,8,21,147,2,9/24/2021
1301,20,76,236,2,9/24/2021
1302,18,28,191,4,9/24/2021
1303,2,88,245,2,9/25/2021
1304,1,92,411,4,9/25/2021
1305,5,7,427,4,9/26/2021
1306,15,29,137,5,9/27/2021
1307,19,54,280,2,9/27/2021
1308,6,3,21,5,9/27/2021
1309,17,41,94,5,9/28/2021
1310,12,28,144,2,9/28/2021
1311,14,54,165,5,9/28/2021
1312,9,39,163,4,9/28/2021
1313,9,73,83,4,9/29/2021
1314,2,97,408,2,9/29/2021
1315,3,33,335,2,9/29/2021
1316,3,53,398,4,9/30/2021
1317,1,79,334,3,9/30/2021
1318,19,2,140,3,9/30/2021
1319,14,7,87,3,9/30/2021
1320,3,80,341,5,10/1/2021
1321,16,86,221,2,10/1/2021
1322,3,46,302,2,10/1/2021
1323,20,4,181,2,10/1/2021
1324,9,42,169,3,10/1/2021
1325,14,27,404,1,10/1/2021
1326,5,67,369,5,10/1/2021
1327,15,83,405,4,10/2/2021
1328,7,1,449,5,10/2/2021
1329,6,14,9,1,10/2/2021
1330,4,66,34,2,10/2/2021
1331,19,45,263,3,10/2/2021
1332,7,20,197,3,10/3/2021
1333,3,3,385,5,10/3/2021
1334,13,50,234,3,10/4/2021
1335,13,19,99,3,10/4/2021
1336,14,51,336,3,10/5/2021
1337,13,62,462,2,10/5/2021
1338,13,92,77,1,10/5/2021
1339,4,17,204,2,10/5/2021
1340,8,1,242,1,10/5/2021
1341,3,25,185,2,10/5/2021
1342,7,66,403,2,10/6/2021
1343,18,73,389,1,10/6/2021
1344,3,85,75,4,10/7/2021
1345,9,62,287,3,10/7/2021
1346,2,29,323,5,10/8/2021
1347,13,68,187,4,10/8/2021
1348,11,12,169,5,10/9/2021
1349,7,74,237,2,10/9/2021
1350,1,41,376,3,10/9/2021
1351,7,33,242,4,10/9/2021
1352,1,86,425,3,10/10/2021
1353,8,72,59,4,10/10/2021
1354,6,40,455,5,10/10/2021
1355,15,44,139,3,10/10/2021
1356,8,32,388,3,10/10/2021
1357,8,56,227,1,10/10/2021
1358,6,74,489,3,10/12/2021
1359,4,21,150,1,10/13/2021
1360,14,51,431,3,10/13/2021
1361,1,88,395,2,10/13/2021
1362,7,72,111,5,10/14/2021
1363,9,23,287,2,10/14/2021
1364,1,57,485,4,10/14/2021
1365,10,39,316,2,10/14/2021
1366,7,31,180,1,10/15/2021
1367,13,47,382,1,10/16/2021
1368,20,86,388,1,10/16/2021
1369,2,13,171,4,10/16/2021
1370,19,33,136,4,10/18/2021
1371,1,47,182,5,10/18/2021
1372,15,46,56,4,10/18/2021
1373,14,93,322,1,10/19/2021
1374,20,89,478,2,10/19/2021
1375,16,52,39,4,10/19/2021
1376,3,1,148,5,10/20/2021
1377,6,87,14,1,10/21/2021
1378,20,26,58,3,10/22/2021
1379,7,34,86,4,10/22/2021
1380,6,92,340,5,10/22/2021
1381,9,33,118,2,10/22/2021
1382,17,7,278,4,10/22/2021
1383,19,49,163,5,10/23/2021
1384,8,98,275,5,10/23/2021
1385,4,54,171,3,10/23/2021
1386,2,59,379,3,10/23/2021
1387,3,96,130,3,10/24/2021
1388,4,71,481,5,10/24/2021
1389,5,81,385,1,10/25/2021
1390,9,65,275,3,10/25/2021
1391,4,75,183,1,10/25/2021
1392,3,91,134,4,10/26/2021
1393,19,38,394,5,10/26/2021
1394,8,75,237,3,10/26/2021
1395,8,90,213,5,10/26/2021
1396,13,55,369,3,10/27/2021
1397,14,62,392,4,10/27/2021
1398,10,48,129,3,10/28/2021
1399,17,64,43,5,10/28/2021
1400,13,21,61,1,10/28/2021
1401,9,36,310,5,10/28/2021
1402,13,18,473,5,10/29/2021
1403,7,78,324,3,10/29/2021
1404,11,53,236,2,10/29/2021
1405,19,46,74,1,10/29/2021
1406,6,33,436,2,10/30/2021
1407,2,60,97,1,10/30/2021
1408,7,82,142,5,10/30/2021
1409,12,21,236,5,10/30/2021
1410,6,97,189,3,11/1/2021
1411,16,94,347,4,11/1/2021
1412,17,86,258,4,11/1/2021
1413,15,67,421,3,11/2/2021
1414,3,83,372,1,11/2/2021
1415,6,89,398,4,11/3/2021
1416,8,33,368,3,11/3/2021
1417,6,48,470,3,11/3/2021
1418,14,65,463,2,11/4/2021
1419,5,39,394,4,11/4/2021
1420,10,37,134,4,11/4/2021
1421,16,7,195,3,11/5/2021
1422,4,25,463,3,11/5/2021
1423,1,42,130,3,11/5/2021
1424,13,50,389,2,11/5/2021
1425,9,34,171,2,11/6/2021
1426,16,94,155,3,11/6/2021
1427,5,72,446,1,11/6/2021
1428,18,55,277,4,11/7/2021
1429,1,11,80,4,11/8/2021
1430,2,64,418,4,11/8/2021
1431,20,61,392,1,11/9/2021
1432,13,48,249,4,11/9/2021
1433,6,74,270,5,11/9/2021
1434,8,62,483,3,11/10/2021
1435,18,75,4,4,11/11/2021
1436,6,67,234,5,11/11/2021
1437,18,65,337,5,11/11/2021
1438,5,33,18,3,11/12/2021
1439,4,91,180,4,11/12/2021
1440,16,99,200,4,11/13/2021
1441,10,83,331,1,11/13/2021
1442,14,37,474,5,11/13/2021
1443,16,48,259,4,11/14/2021
1444,19,5,306,2,11/15/2021
1445,1,11,418,4,11/15/2021
1446,6,90,378,1,11/15/2021
1447,5,87,163,3,11/15/2021
1448,15,65,233,5,11/15/2021
1449,3,56,438,5,11/16/2021
1450,5,76,388,3,11/16/2021
1451,7,87,7,5,11/16/2021
1452,4,81,13,2,11/16/2021
1453,13,80,389,3,11/17/2021
1454,17,20,201,2,11/18/2021
1455,13,55,417,2,11/18/2021
1456,14,6,322,5,11/19/2021
1457,19,65,278,5,11/20/2021
1458,1,33,406,1,11/20/2021
1459,17,91,294,5,11/20/2021
1460,16,88,29,5,11/20/2021
1461,19,95,344,5,11/22/2021
1462,18,21,117,2,11/23/2021
1463,3,5,417,2,11/23/2021
1464,11,38,125,1,11/23/2021
1465,5,51,470,3,11/23/2021
1466,6,51,175,4,11/23/2021
1467,11,30,32,3,11/24/2021
1468,5,51,408,2,11/24/2021
1469,11,71,454,2,11/24/2021
1470,20,56,305,3,11/24/2021
1471,15,94,102,5,11/25/2021
1472,13,41,451,2,11/25/2021
1473,13,35,433,4,11/25/2021
1474,1,94,319,1,11/26/2021
1475,12,30,393,4,11/26/2021
1476,17,10,17,1,11/26/2021
1477,20,61,481,1,11/27/2021
1478,12,30,408,3,11/27/2021
1479,12,55,319,1,11/28/2021
1480,6,74,212,4,11/29/2021
1481,15,14,415,5,11/29/2021
1482,8,76,439,2,11/29/2021
1483,9,15,422,1,11/30/2021
1484,14,15,490,2,11/30/2021
1485,20,21,283,1,11/30/2021
1486,2,58,111,5,11/30/2021
1487,18,92,371,6,12/1/2021
1488,1,42,108,4,12/1/2021
1489,7,17,69,3,12/2/2021
1490,18,57,264,2,12/3/2021
1491,9,21,315,4,12/3/2021
1492,16,98,124,2,12/4/2021
1493,8,56,239,3,12/4/2021
1494,13,99,320,2,12/5/2021
1495,4,79,91,3,12/5/2021
1496,15,70,488,2,12/5/2021
1497,11,84,394,1,12/5/2021
1498,6,5,112,4,12/5/2021
1499,17,14,168,4,12/6/2021
1500,5,50,333,3,12/6/2021
1501,7,89,122,3,12/6/2021
1502,12,97,120,2,12/6/2021
1503,9,21,283,3,12/7/2021
1504,1,75,102,2,12/7/2021
1505,18,28,48,4,12/7/2021
1506,8,3,131,4,12/7/2021
1507,5,37,345,6,12/8/2021
1508,8,74,446,2,12/8/2021
1509,14,42,129,3,12/8/2021
1510,9,56,70,5,12/9/2021
1511,7,54,57,3,12/9/2021
1512,10,70,269,4,12/9/2021
1513,1,91,498,3,12/10/2021
1514,1,42,331,5,12/10/2021
1515,16,94,303,5,12/10/2021
1516,11,65,196,1,12/10/2021
1517,20,84,210,3,12/10/2021
1518,17,65,442,2,12/11/2021
1519,10,95,140,1,12/11/2021
1520,5,37,498,3,12/11/2021
1521,8,5,401,4,12/11/2021
1522,15,27,387,3,12/11/2021
1523,19,52,70,4,12/11/2021
1524,9,49,229,1,12/11/2021
1525,9,95,70,2,12/13/2021
1526,4,61,214,5,12/13/2021
1527,14,92,468,2,12/14/2021
1528,16,38,352,3,12/14/2021
1529,5,69,311,6,12/14/2021
1530,9,65,267,2,12/14/2021
1531,13,63,344,3,12/15/2021
1532,6,34,272,2,12/16/2021
1533,4,90,242,1,12/16/2021
1534,1,36,24,1,12/16/2021
1535,9,6,127,5,12/16/2021
1536,5,100,481,1,12/17/2021
1537,10,90,28,2,12/17/2021
1538,16,99,366,1,12/17/2021
1539,5,100,376,4,12/17/2021
1540,5,9,229,3,12/18/2021
1541,9,36,444,3,12/18/2021
1542,9,26,212,4,12/19/2021
1543,17,87,275,2,12/19/2021
1544,15,33,276,1,12/19/2021
1545,1,62,93,3,12/19/2021
1546,5,31,439,3,12/20/2021
1547,11,50,331,2,12/20/2021
1548,11,89,139,2,12/21/2021
1549,2,73,229,4,12/22/2021
1550,16,40,338,3,12/23/2021
1551,6,39,28,1,12/24/2021
1552,2,78,367,3,12/24/2021
1553,15,61,470,4,12/25/2021
1554,15,72,52,2,12/25/2021
1555,1,65,169,2,12/25/2021
1556,5,66,384,3,12/27/2021
1557,18,65,489,3,12/27/2021
1558,20,91,405,1,12/28/2021
1559,7,59,294,1,12/29/2021
1560,1,78,443,2,12/29/2021
1561,2,31,276,1,12/29/2021
1562,7,3,329,3,12/30/2021
1563,18,70,285,2,12/30/2021
1564,19,59,492,4,12/30/2021
1565,20,67,302,4,12/30/2021
1566,6,53,495,4,12/30/2021
1567,4,17,181,1,12/30/2021
1568,3,14,410,5,12/30/2021
1569,4,100,51,2,12/31/2021
1570,1,84,239,4,12/31/2021
1571,7,14,99,5,12/31/2021
1572,20,3,91,3,1/1/2022
1573,3,41,288,3,1/1/2022
1574,11,25,435,1,1/2/2022
1575,18,76,291,3,1/2/2022
1576,12,73,334,2,1/2/2022
1577,19,4,471,1,1/2/2022
1578,16,83,272,2,1/3/2022
1579,3,31,264,1,1/3/2022
1580,4,64,395,1,1/4/2022
1581,20,55,378,3,1/4/2022
1582,12,57,237,3,1/4/2022
1583,15,90,372,3,1/4/2022
1584,15,77,397,4,1/5/2022
1585,19,57,379,1,1/5/2022
1586,19,13,437,1,1/5/2022
1587,9,53,281,2,1/5/2022
1588,4,100,230,1,1/6/2022
1589,19,17,207,4,1/6/2022
1590,3,21,43,1,1/7/2022
1591,11,68,262,1,1/7/2022
1592,18,73,493,4,1/7/2022
1593,18,7,494,3,1/7/2022
1594,8,81,492,4,1/8/2022
1595,19,68,308,3,1/8/2022
1596,13,12,422,1,1/8/2022
1597,4,23,81,3,1/9/2022
1598,20,62,489,2,1/10/2022
1599,18,12,300,3,1/10/2022
1600,3,68,368,3,1/10/2022
1601,11,61,13,3,1/10/2022
1602,13,94,254,4,1/10/2022
1603,13,62,151,1,1/10/2022
1604,8,68,495,2,1/10/2022
1605,1,98,358,2,1/11/2022
1606,9,76,318,3,1/11/2022
1607,8,78,314,3,1/12/2022
1608,13,71,485,2,1/12/2022
1609,7,48,142,4,1/12/2022
1610,16,38,435,1,1/12/2022
1611,12,54,375,4,1/12/2022
1612,16,94,160,3,1/13/2022
1613,9,5,172,3,1/13/2022
1614,6,61,378,2,1/13/2022
1615,12,84,486,4,1/14/2022
1616,20,54,85,4,1/14/2022
1617,2,79,332,2,1/16/2022
1618,18,100,497,2,1/17/2022
1619,18,67,234,3,1/18/2022
1620,11,89,128,4,1/18/2022
1621,19,44,12,2,1/19/2022
1622,19,31,211,2,1/20/2022
1623,5,93,450,3,1/20/2022
1624,3,46,341,3,1/20/2022
1625,8,11,186,2,1/21/2022
1626,13,35,22,1,1/22/2022
1627,4,78,27,1,1/22/2022
1628,11,84,464,4,1/22/2022
1629,19,52,381,2,1/23/2022
1630,11,57,193,2,1/23/2022
1631,13,95,378,3,1/24/2022
1632,3,100,99,4,1/24/2022
1633,17,44,201,2,1/24/2022
1634,6,4,26,1,1/26/2022
1635,19,4,155,2,1/26/2022
1636,16,44,286,1,1/28/2022
1637,5,36,52,3,1/28/2022
1638,17,18,46,1,1/29/2022
1639,19,6,169,2,1/29/2022
1640,8,23,291,3,1/30/2022
1641,3,79,28,4,1/30/2022
1642,18,33,211,2,1/31/2022
1643,3,4,487,1,1/31/2022
1644,1,90,424,1,1/31/2022
1645,1,77,446,1,2/1/2022
1646,8,86,185,4,2/1/2022
1647,12,56,175,3,2/1/2022
1648,8,51,314,2,2/2/2022
1649,16,24,98,3,2/3/2022
1650,11,22,197,2,2/3/2022
1651,17,29,162,1,2/4/2022
1652,6,14,396,3,2/4/2022
1653,14,78,186,1,2/4/2022
1654,4,11,267,3,2/5/2022
1655,7,8,18,1,2/6/2022
1656,13,71,400,1,2/6/2022
1657,19,78,165,3,2/6/2022
1658,11,38,483,4,2/7/2022
1659,20,68,47,2,2/7/2022
1660,13,3,261,1,2/8/2022
1661,20,61,485,1,2/8/2022
1662,20,50,360,2,2/8/2022
1663,15,66,126,3,2/9/2022
1664,14,35,131,3,2/9/2022
1665,15,71,390,3,2/9/2022
1666,20,48,60,2,2/10/2022
1667,13,63,325,3,2/10/2022
1668,7,99,38,4,2/10/2022
1669,15,49,252,4,2/11/2022
1670,9,52,115,3,2/12/2022
1671,3,48,457,4,2/12/2022
1672,13,34,234,1,2/12/2022
1673,16,57,411,1,2/14/2022
1674,5,61,419,2,2/14/2022
1675,12,46,26,1,2/14/2022
1676,20,25,410,1,2/14/2022
1677,4,96,77,3,2/14/2022
1678,19,31,72,1,2/15/2022
1679,9,30,76,3,2/15/2022
1680,8,3,302,1,2/15/2022
1681,4,35,29,2,2/15/2022
1682,5,93,208,3,2/15/2022
1683,5,54,84,2,2/15/2022
1684,6,24,36,2,2/15/2022
1685,14,47,100,2,2/15/2022
1686,12,37,146,1,2/15/2022
1687,12,34,386,3,2/16/2022
1688,14,22,372,4,2/16/2022
1689,1,69,287,3,2/16/2022
1690,11,84,461,1,2/17/2022
1691,16,10,42,1,2/17/2022
1692,8,15,461,4,2/17/2022
1693,6,51,284,3,2/17/2022
1694,14,16,114,2,2/17/2022
1695,2,39,237,3,2/17/2022
1696,17,90,111,3,2/18/2022
1697,12,24,376,1,2/18/2022
1698,12,95,195,3,2/18/2022
1699,8,42,56,4,2/18/2022
1700,14,21,440,1,2/18/2022
1701,14,6,250,2,2/19/2022
1702,17,90,374,4,2/19/2022
1703,12,73,245,4,2/19/2022
1704,18,10,184,2,2/20/2022
1705,10,40,25,3,2/20/2022
1706,4,61,307,4,2/20/2022
1707,3,88,313,2,2/21/2022
1708,14,33,489,1,2/22/2022
1709,19,68,195,2,2/22/2022
1710,7,6,2,2,2/23/2022
1711,16,71,286,4,2/23/2022
1712,6,45,281,3,2/24/2022
1713,5,21,121,2,2/24/2022
1714,8,19,391,2,2/24/2022
1715,6,64,374,2,2/24/2022
1716,14,18,370,2,2/25/2022
1717,16,32,495,1,2/25/2022
1718,1,77,279,2,2/25/2022
1719,12,35,108,4,2/25/2022
1720,4,82,14,2,2/26/2022
1721,20,64,429,2,2/27/2022
1722,7,90,269,3,2/27/2022
1723,3,39,457,4,2/27/2022
1724,18,86,437,2,2/27/2022
1725,3,79,247,2,3/1/2022
1726,13,1,440,1,3/1/2022
1727,14,22,207,4,3/1/2022
1728,15,87,268,2,3/1/2022
1729,16,86,367,1,3/1/2022
1730,9,80,465,1,3/1/2022
1731,1,17,396,2,3/1/2022
1732,20,95,84,3,3/2/2022
1733,13,4,108,4,3/2/2022
1734,14,5,147,4,3/2/2022
1735,11,52,334,3,3/2/2022
1736,7,72,241,3,3/3/2022
1737,6,83,143,4,3/4/2022
1738,10,35,175,3,3/4/2022
1739,14,12,485,3,3/4/2022
1740,1,69,276,4,3/5/2022
1741,5,40,270,1,3/5/2022
1742,11,38,217,1,3/5/2022
1743,4,86,332,2,3/6/2022
1744,10,43,320,1,3/6/2022
1745,17,13,94,2,3/6/2022
1746,15,42,147,4,3/6/2022
1747,14,97,398,2,3/6/2022
1748,13,41,343,3,3/7/2022
1749,11,80,46,1,3/7/2022
1750,11,50,254,2,3/8/2022
1751,19,80,476,2,3/8/2022
1752,5,56,295,3,3/8/2022
1753,9,9,260,3,3/9/2022
1754,3,88,131,2,3/10/2022
1755,3,40,83,1,3/10/2022
1756,19,70,446,1,3/10/2022
1757,4,39,251,3,3/11/2022
1758,13,2,67,4,3/12/2022
1759,13,80,302,3,3/12/2022
1760,11,71,246,1,3/12/2022
1761,6,70,294,1,3/12/2022
1762,7,82,165,1,3/13/2022
1763,19,90,188,5,3/14/2022
1764,20,97,331,3,3/14/2022
1765,18,67,336,3,3/14/2022
1766,1,36,354,3,3/15/2022
1767,14,33,254,2,3/15/2022
1768,6,79,16,4,3/15/2022
1769,5,79,401,3,3/15/2022
1770,19,16,323,5,3/15/2022
1771,16,27,298,3,3/16/2022
1772,2,87,5,2,3/16/2022
1773,14,11,338,5,3/16/2022
1774,9,11,314,1,3/17/2022
1775,11,25,226,2,3/17/2022
1776,11,68,360,3,3/18/2022
1777,16,5,199,3,3/18/2022
1778,20,35,401,1,3/18/2022
1779,19,86,476,3,3/18/2022
1780,10,92,161,1,3/19/2022
1781,8,99,186,3,3/19/2022
1782,4,74,40,4,3/19/2022
1783,10,43,464,3,3/19/2022
1784,6,47,217,2,3/20/2022
1785,5,75,124,2,3/20/2022
1786,5,83,354,4,3/21/2022
1787,9,2,494,1,3/21/2022
1788,9,21,100,2,3/22/2022
1789,11,25,75,4,3/22/2022
1790,9,11,40,2,3/23/2022
1791,1,44,274,3,3/23/2022
1792,11,6,393,4,3/23/2022
1793,7,84,333,2,3/24/2022
1794,3,81,266,1,3/24/2022
1795,12,14,191,3,3/24/2022
1796,2,17,88,1,3/25/2022
1797,18,7,146,2,3/25/2022
1798,2,31,39,4,3/25/2022
1799,12,10,437,1,3/26/2022
1800,8,8,80,3,3/26/2022
1801,8,34,141,3,3/26/2022
1802,12,76,482,2,3/27/2022
1803,5,26,17,1,3/27/2022
1804,12,67,289,3,3/27/2022
1805,13,58,319,1,3/27/2022
1806,4,62,217,2,3/27/2022
1807,13,30,69,3,3/27/2022
1808,13,5,461,2,3/28/2022
1809,16,49,161,3,3/28/2022
1810,19,44,496,3,3/28/2022
1811,7,43,248,4,3/28/2022
1812,19,63,275,2,3/29/2022
1813,4,58,255,1,3/29/2022
1814,9,77,87,2,3/29/2022
1815,14,2,161,4,3/29/2022
1816,6,59,246,2,3/29/2022
1817,5,63,387,4,3/29/2022
1818,17,11,205,4,3/31/2022
1819,4,30,396,2,3/31/2022
1820,7,91,420,3,3/31/2022
1821,7,68,446,4,4/2/2022
1822,11,32,390,4,4/2/2022
1823,11,65,56,4,4/3/2022
1824,14,14,369,1,4/4/2022
1825,11,57,88,1,4/5/2022
1826,17,47,270,2,4/5/2022
1827,15,21,110,3,4/5/2022
1828,16,36,206,3,4/6/2022
1829,16,98,163,4,4/6/2022
1830,13,54,348,2,4/6/2022
1831,13,31,482,2,4/7/2022
1832,9,6,221,1,4/7/2022
1833,10,62,418,4,4/7/2022
1834,3,72,264,2,4/8/2022
1835,15,47,116,4,4/9/2022
1836,3,91,495,4,4/9/2022
1837,8,59,296,1,4/9/2022
1838,6,11,465,1,4/9/2022
1839,19,73,116,2,4/9/2022
1840,16,89,311,4,4/10/2022
1841,20,1,377,4,4/10/2022
1842,4,4,406,3,4/10/2022
1843,7,74,400,1,4/10/2022
1844,5,81,319,2,4/10/2022
1845,10,27,144,3,4/10/2022
1846,4,63,377,3,4/11/2022
1847,17,13,317,3,4/11/2022
1848,16,28,308,4,4/11/2022
1849,9,13,405,2,4/12/2022
1850,5,87,493,4,4/12/2022
1851,6,63,488,2,4/13/2022
1852,5,54,234,4,4/13/2022
1853,7,93,173,4,4/13/2022
1854,13,3,361,2,4/14/2022
1855,8,35,428,2,4/14/2022
1856,9,62,306,3,4/15/2022
1857,15,94,391,4,4/15/2022
1858,10,13,288,1,4/15/2022
1859,2,39,185,2,4/15/2022
1860,7,69,255,3,4/15/2022
1861,16,53,216,3,4/16/2022
1862,3,34,432,4,4/16/2022
1863,14,89,342,1,4/16/2022
1864,14,47,133,2,4/16/2022
1865,9,92,403,1,4/16/2022
1866,1,90,36,5,4/17/2022
1867,2,62,146,5,4/17/2022
1868,10,11,2,2,4/17/2022
1869,1,73,120,3,4/17/2022
1870,8,64,134,3,4/18/2022
1871,2,24,342,3,4/18/2022
1872,8,77,409,3,4/19/2022
1873,14,20,15,4,4/20/2022
1874,9,7,42,2,4/20/2022
1875,2,68,30,5,4/20/2022
1876,2,11,443,1,4/21/2022
1877,6,22,491,2,4/21/2022
1878,16,27,332,2,4/21/2022
1879,3,31,125,3,4/21/2022
1880,1,24,358,3,4/21/2022
1881,5,66,217,2,4/21/2022
1882,5,62,352,2,4/21/2022
1883,16,42,414,4,4/22/2022
1884,6,59,417,2,4/22/2022
1885,19,67,225,4,4/22/2022
1886,3,60,147,1,4/22/2022
1887,16,8,215,1,4/23/2022
1888,14,94,244,4,4/24/2022
1889,16,87,415,3,4/24/2022
1890,8,60,241,1,4/25/2022
1891,8,59,385,4,4/25/2022
1892,13,74,125,2,4/26/2022
1893,14,49,249,2,4/26/2022
1894,6,40,172,4,4/27/2022
1895,15,68,302,2,4/28/2022
1896,5,25,496,3,4/28/2022
1897,8,49,145,2,4/29/2022
1898,6,87,112,4,4/29/2022
1899,17,12,285,3,4/29/2022
1900,14,13,180,2,4/29/2022
1901,18,35,206,1,4/29/2022
1902,5,85,89,3,4/29/2022
1903,20,89,348,1,4/30/2022
1904,13,20,315,3,4/30/2022
1905,15,24,363,1,4/30/2022
1906,12,57,187,3,4/30/2022
1907,14,54,280,2,5/1/2022
1908,1,19,260,4,5/1/2022
1909,9,65,290,1,5/1/2022
1910,9,6,460,3,5/2/2022
1911,5,20,429,3,5/3/2022
1912,11,45,421,4,5/3/2022
1913,18,22,430,2,5/3/2022
1914,10,97,300,4,5/4/2022
1915,18,9,464,3,5/4/2022
1916,4,72,241,1,5/4/2022
1917,17,72,198,4,5/4/2022
1918,20,84,445,1,5/4/2022
1919,7,85,150,4,5/4/2022
1920,16,93,44,3,5/5/2022
1921,8,26,85,4,5/5/2022
1922,13,14,130,5,5/5/2022
1923,19,12,413,3,5/5/2022
1924,19,20,395,3,5/6/2022
1925,19,37,17,2,5/6/2022
1926,2,22,188,1,5/6/2022
1927,11,66,297,5,5/7/2022
1928,11,30,308,5,5/8/2022
1929,10,10,474,3,5/9/2022
1930,20,2,453,2,5/9/2022
1931,20,91,417,3,5/10/2022
1932,2,72,6,3,5/10/2022
1933,4,65,236,2,5/10/2022
1934,6,81,44,4,5/11/2022
1935,14,69,112,2,5/11/2022
1936,5,85,267,3,5/11/2022
1937,7,44,226,2,5/12/2022
1938,16,10,319,3,5/12/2022
1939,16,98,323,4,5/12/2022
1940,1,92,491,2,5/12/2022
1941,3,33,40,1,5/12/2022
1942,7,31,409,3,5/13/2022
1943,4,6,120,2,5/13/2022
1944,1,65,11,5,5/14/2022
1945,2,87,377,3,5/14/2022
1946,6,13,426,1,5/15/2022
1947,2,78,464,1,5/15/2022
1948,4,12,300,4,5/15/2022
1949,14,60,91,4,5/15/2022
1950,1,70,272,1,5/16/2022
1951,13,62,431,4,5/16/2022
1952,8,46,112,1,5/17/2022
1953,17,57,73,2,5/17/2022
1954,15,15,455,1,5/18/2022
1955,20,82,51,1,5/18/2022
1956,3,27,237,2,5/19/2022
1957,6,7,67,4,5/19/2022
1958,14,78,414,1,5/20/2022
1959,7,73,282,1,5/20/2022
1960,10,53,206,3,5/20/2022
1961,13,2,359,2,5/21/2022
1962,18,64,392,1,5/21/2022
1963,14,81,387,3,5/21/2022
1964,18,94,334,3,5/22/2022
1965,12,5,120,3,5/23/2022
1966,20,76,349,1,5/23/2022
1967,19,28,385,3,5/23/2022
1968,6,85,107,1,5/23/2022
1969,16,27,7,4,5/23/2022
1970,20,21,325,1,5/24/2022
1971,9,58,75,1,5/24/2022
1972,9,37,122,2,5/25/2022
1973,8,59,345,2,5/25/2022
1974,20,83,391,2,5/25/2022
1975,10,16,282,3,5/26/2022
1976,19,88,91,1,5/26/2022
1977,17,37,392,3,5/26/2022
1978,5,92,352,2,5/27/2022
1979,5,61,6,3,5/27/2022
1980,8,75,418,1,5/27/2022
1981,2,23,162,3,5/27/2022
1982,10,53,236,4,5/27/2022
1983,3,24,391,2,5/27/2022
1984,4,40,210,3,5/27/2022
1985,10,44,119,4,5/28/2022
1986,17,92,200,4,5/28/2022
1987,20,37,416,4,5/28/2022
1988,4,89,67,4,5/28/2022
1989,7,31,370,4,5/28/2022
1990,19,16,23,1,5/29/2022
1991,12,48,257,4,5/29/2022
1992,8,67,195,4,5/29/2022
1993,12,79,296,3,5/29/2022
1994,20,80,483,2,5/29/2022
1995,16,80,30,3,5/30/2022
1996,5,32,265,5,5/30/2022
1997,18,12,440,3,5/30/2022
1998,3,28,329,1,5/30/2022
1999,3,53,253,3,5/30/2022
2000,16,6,96,2,5/30/2022
2001,4,27,459,4,6/1/2022
2002,18,89,13,1,6/1/2022
2003,10,64,257,2,6/1/2022
2004,12,61,336,3,6/1/2022
2005,1,6,468,3,6/1/2022
2006,9,32,416,2,6/2/2022
2007,19,91,189,2,6/2/2022
2008,4,76,129,1,6/3/2022
2009,15,73,143,2,6/3/2022
2010,3,82,290,3,6/4/2022
2011,9,90,64,1,6/4/2022
2012,19,12,25,1,6/5/2022
2013,18,88,468,3,6/5/2022
2014,1,5,155,2,6/5/2022
2015,6,64,255,2,6/6/2022
2016,14,53,407,3,6/6/2022
2017,15,60,259,2,6/7/2022
2018,17,56,87,2,6/7/2022
2019,15,68,263,3,6/8/2022
2020,12,40,463,4,6/9/2022
2021,4,30,170,1,6/9/2022
2022,2,62,138,2,6/10/2022
2023,19,30,495,3,6/10/2022
2024,6,17,192,2,6/10/2022
2025,5,89,233,3,6/11/2022
2026,4,46,417,2,6/11/2022
2027,14,30,102,3,6/11/2022
2028,19,54,230,2,6/11/2022
2029,16,43,459,2,6/11/2022
2030,19,49,487,2,6/11/2022
2031,13,52,33,3,6/11/2022
2032,5,9,252,4,6/12/2022
2033,18,52,111,3,6/12/2022
2034,3,44,166,1,6/13/2022
2035,5,25,426,1,6/13/2022
2036,10,71,491,1,6/13/2022
2037,16,34,266,3,6/13/2022
2038,10,17,495,4,6/13/2022
2039,15,73,292,5,6/16/2022
2040,4,84,487,2,6/16/2022
2041,16,61,76,4,6/16/2022
2042,12,27,299,5,6/16/2022
2043,20,5,267,1,6/16/2022
2044,18,17,64,3,6/17/2022
2045,15,35,181,1,6/17/2022
2046,5,40,40,1,6/17/2022
2047,6,11,169,4,6/18/2022
2048,6,78,428,4,6/18/2022
2049,11,53,339,5,6/18/2022
2050,17,49,352,1,6/18/2022
2051,13,89,477,2,6/18/2022
2052,8,11,126,3,6/19/2022
2053,11,67,74,3,6/19/2022
2054,15,51,162,3,6/19/2022
2055,2,17,427,3,6/19/2022
2056,20,35,203,3,6/20/2022
2057,18,8,239,1,6/21/2022
2058,17,10,240,1,6/21/2022
2059,5,95,131,4,6/21/2022
2060,12,39,357,3,6/21/2022
2061,4,75,204,1,6/21/2022
2062,18,99,21,3,6/22/2022
2063,15,71,452,1,6/23/2022
2064,4,27,167,4,6/23/2022
2065,11,71,338,3,6/24/2022
2066,2,85,7,1,6/24/2022
2067,9,51,99,1,6/25/2022
2068,7,1,41,3,6/26/2022
2069,8,26,25,1,6/26/2022
2070,9,36,318,1,6/26/2022
2071,20,36,16,2,6/27/2022
2072,18,39,289,4,6/28/2022
2073,11,45,339,1,6/30/2022
2074,19,89,46,5,6/30/2022
2075,5,10,172,3,6/30/2022
2076,9,18,111,1,7/1/2022
2077,15,11,463,4,7/1/2022
2078,12,68,82,4,7/1/2022
2079,16,61,256,5,7/1/2022
2080,13,66,111,4,7/1/2022
2081,12,5,151,3,7/1/2022
2082,9,57,478,3,7/2/2022
2083,8,64,379,1,7/3/2022
2084,13,14,94,5,7/4/2022
2085,13,97,197,2,7/4/2022
2086,6,4,10,3,7/4/2022
2087,1,92,485,1,7/5/2022
2088,15,96,472,5,7/5/2022
2089,11,81,403,5,7/5/2022
2090,1,12,417,5,7/5/2022
2091,5,14,328,5,7/5/2022
2092,9,72,197,5,7/5/2022
2093,10,32,33,5,7/7/2022
2094,14,47,63,5,7/7/2022
2095,14,29,451,1,7/8/2022
2096,3,28,31,1,7/8/2022
2097,16,64,141,1,7/8/2022
2098,6,39,326,4,7/8/2022
2099,10,49,91,1,7/9/2022
2100,13,77,117,4,7/9/2022
2101,17,12,479,3,7/9/2022
2102,13,38,270,2,7/10/2022
2103,8,40,295,2,7/10/2022
2104,8,86,383,2,7/11/2022
2105,6,27,297,4,7/12/2022
2106,9,72,80,3,7/12/2022
2107,11,93,37,2,7/12/2022
2108,7,27,458,4,7/13/2022
2109,20,72,475,3,7/13/2022
2110,1,24,393,1,7/13/2022
2111,5,53,159,2,7/13/2022
2112,9,28,258,2,7/13/2022
2113,18,43,12,4,7/14/2022
2114,13,67,269,5,7/14/2022
2115,12,70,101,3,7/15/2022
2116,4,57,259,2,7/15/2022
2117,14,25,283,5,7/17/2022
2118,8,24,357,3,7/17/2022
2119,6,89,135,4,7/17/2022
2120,9,57,480,4,7/18/2022
2121,18,46,385,3,7/19/2022
2122,9,23,20,4,7/19/2022
2123,5,29,260,5,7/19/2022
2124,16,26,66,1,7/20/2022
2125,13,58,178,3,7/20/2022
2126,17,3,105,2,7/21/2022
2127,1,71,453,4,7/21/2022
2128,7,87,474,5,7/22/2022
2129,3,83,63,2,7/22/2022
2130,11,67,452,4,7/23/2022
2131,15,16,211,5,7/23/2022
2132,2,27,125,4,7/23/2022
2133,19,48,297,1,7/23/2022
2134,20,64,63,2,7/24/2022
2135,9,13,158,5,7/24/2022
2136,2,39,490,2,7/24/2022
2137,15,100,106,1,7/24/2022
2138,3,96,447,4,7/26/2022
2139,11,100,65,4,7/27/2022
2140,15,67,47,5,7/27/2022
2141,9,61,404,1,7/27/2022
2142,16,40,374,5,7/28/2022
2143,1,96,217,5,7/28/2022
2144,4,63,110,3,7/29/2022
2145,13,98,65,2,7/29/2022
2146,10,69,209,5,7/29/2022
2147,1,4,205,2,7/29/2022
2148,16,39,424,1,7/30/2022
2149,11,45,113,3,7/30/2022
2150,6,24,213,3,7/30/2022
2151,8,98,209,2,7/30/2022
2152,16,38,182,4,7/31/2022
2153,11,68,300,2,7/31/2022
2154,20,52,219,1,7/31/2022
2155,8,74,39,1,7/31/2022
2156,1,3,255,3,7/31/2022
2157,14,23,226,1,8/1/2022
2158,12,38,10,3,8/2/2022
2159,4,31,294,4,8/2/2022
2160,19,77,490,1,8/2/2022
2161,3,45,316,3,8/3/2022
2162,20,81,414,5,8/4/2022
2163,4,47,73,1,8/4/2022
2164,11,36,400,3,8/4/2022
2165,18,26,168,1,8/5/2022
2166,10,95,234,1,8/5/2022
2167,14,28,481,4,8/6/2022
2168,9,87,438,1,8/6/2022
2169,15,56,281,4,8/7/2022
2170,20,61,140,1,8/8/2022
2171,19,98,185,2,8/8/2022
2172,19,42,31,2,8/8/2022
2173,1,28,283,5,8/8/2022
2174,10,41,473,2,8/9/2022
2175,6,43,313,2,8/9/2022
2176,2,95,316,4,8/9/2022
2177,2,20,314,2,8/10/2022
2178,15,48,375,5,8/11/2022
2179,2,22,399,3,8/11/2022
2180,12,60,52,4,8/11/2022
2181,3,51,191,4,8/11/2022
2182,8,79,27,4,8/11/2022
2183,18,63,194,1,8/11/2022
2184,16,25,255,3,8/11/2022
2185,16,99,425,2,8/12/2022
2186,9,92,497,1,8/12/2022
2187,12,28,205,4,8/12/2022
2188,5,88,384,2,8/13/2022
2189,16,73,105,5,8/14/2022
2190,11,67,191,1,8/14/2022
2191,5,89,222,1,8/14/2022
2192,16,79,165,4,8/14/2022
2193,13,47,106,6,8/15/2022
2194,3,9,251,5,8/15/2022
2195,17,22,351,3,8/16/2022
2196,19,60,138,4,8/16/2022
2197,7,25,464,1,8/16/2022
2198,18,81,385,2,8/16/2022
2199,18,17,267,1,8/17/2022
2200,13,65,400,4,8/17/2022
2201,16,25,181,5,8/18/2022
2202,19,21,295,4,8/18/2022
2203,9,47,45,3,8/18/2022
2204,8,83,406,4,8/19/2022
2205,9,53,474,1,8/19/2022
2206,6,26,188,5,8/19/2022
2207,14,23,239,4,8/20/2022
2208,19,8,325,5,8/20/2022
2209,18,37,382,2,8/20/2022
2210,1,60,231,1,8/20/2022
2211,1,26,305,1,8/21/2022
2212,8,57,322,5,8/22/2022
2213,2,36,403,5,8/22/2022
2214,3,7,2,4,8/22/2022
2215,8,77,290,1,8/23/2022
2216,19,8,272,2,8/24/2022
2217,19,75,157,3,8/24/2022
2218,16,45,97,2,8/25/2022
2219,14,90,433,1,8/25/2022
2220,6,81,299,4,8/26/2022
2221,18,39,329,2,8/26/2022
2222,7,25,21,4,8/26/2022
2223,8,12,405,5,8/27/2022
2224,15,48,107,1,8/27/2022
2225,2,18,263,5,8/28/2022
2226,14,1,301,2,8/29/2022
2227,2,45,108,4,8/29/2022
2228,14,39,433,4,8/29/2022
2229,13,28,331,2,8/29/2022
2230,19,73,107,5,8/30/2022
2231,13,70,443,2,8/30/2022
2232,4,66,31,2,8/31/2022
2233,1,75,96,2,8/31/2022
2234,3,3,70,2,8/31/2022
2235,10,53,236,5,9/1/2022
2236,6,23,373,2,9/1/2022
2237,8,5,359,3,9/2/2022
2238,8,34,70,3,9/2/2022
2239,11,5,371,1,9/2/2022
2240,12,75,260,3,9/2/2022
2241,16,61,236,2,9/2/2022
2242,9,80,78,2,9/3/2022
2243,5,67,303,4,9/4/2022
2244,19,26,158,2,9/5/2022
2245,9,50,392,4,9/5/2022
2246,1,37,411,4,9/5/2022
2247,6,19,133,4,9/5/2022
2248,3,25,7,2,9/5/2022
2249,10,10,111,5,9/5/2022
2250,15,3,468,4,9/6/2022
2251,13,93,1,5,9/6/2022
2252,12,57,360,3,9/7/2022
2253,14,70,381,2,9/7/2022
2254,3,97,230,4,9/7/2022
2255,7,12,471,3,9/8/2022
2256,9,34,30,2,9/8/2022
2257,6,93,426,1,9/8/2022
2258,3,22,4,2,9/8/2022
2259,12,77,124,1,9/9/2022
2260,18,13,232,5,9/10/2022
2261,1,45,156,1,9/10/2022
2262,6,4,451,2,9/11/2022
2263,6,99,221,5,9/11/2022
2264,5,7,155,2,9/12/2022
2265,4,70,200,1,9/12/2022
2266,11,83,384,5,9/12/2022
2267,7,48,96,3,9/13/2022
2268,3,48,258,1,9/13/2022
2269,13,67,37,1,9/14/2022
2270,19,72,122,1,9/14/2022
2271,4,80,263,5,9/14/2022
2272,13,39,63,3,9/15/2022
2273,11,69,415,3,9/15/2022
2274,4,54,83,2,9/15/2022
2275,12,13,5,3,9/16/2022
2276,14,17,78,1,9/16/2022
2277,10,75,27,2,9/16/2022
2278,2,1,206,5,9/17/2022
2279,12,86,260,1,9/17/2022
2280,20,41,240,1,9/17/2022
2281,2,37,173,4,9/17/2022
2282,8,9,477,3,9/18/2022
2283,14,90,342,4,9/19/2022
2284,9,25,38,5,9/20/2022
2285,5,80,76,4,9/20/2022
2286,13,15,157,2,9/21/2022
2287,8,99,111,3,9/21/2022
2288,6,45,344,4,9/21/2022
2289,6,65,337,4,9/21/2022
2290,7,20,295,4,9/21/2022
2291,15,84,119,3,9/21/2022
2292,1,44,101,1,9/21/2022
2293,18,100,486,3,9/21/2022
2294,20,11,65,1,9/22/2022
2295,18,71,280,3,9/22/2022
2296,1,58,395,2,9/23/2022
2297,1,44,360,1,9/23/2022
2298,6,31,193,1,9/23/2022
2299,18,28,191,5,9/24/2022
2300,20,76,236,2,9/24/2022
2301,8,21,147,2,9/24/2022
2302,10,27,268,3,9/24/2022
2303,1,92,411,5,9/25/2022
2304,2,88,245,3,9/25/2022
2305,5,7,427,5,9/26/2022
2306,6,3,21,5,9/27/2022
2307,19,54,280,3,9/27/2022
2308,15,29,137,5,9/27/2022
2309,12,28,144,2,9/28/2022
2310,17,41,94,4,9/28/2022
2311,9,39,163,4,9/28/2022
2312,14,54,165,6,9/28/2022
2313,2,97,408,2,9/29/2022
2314,9,73,83,4,9/29/2022
2315,3,33,335,2,9/29/2022
2316,19,2,140,3,9/30/2022
2317,1,79,334,4,9/30/2022
2318,3,53,398,5,9/30/2022
2319,14,7,87,3,9/30/2022
2320,14,27,404,1,10/1/2022
2321,16,86,221,2,10/1/2022
2322,20,4,181,2,10/1/2022
2323,5,67,369,5,10/1/2022
2324,3,46,302,2,10/1/2022
2325,9,42,169,3,10/1/2022
2326,3,80,341,4,10/1/2022
2327,15,83,405,4,10/2/2022
2328,19,45,263,4,10/2/2022
2329,7,1,449,5,10/2/2022
2330,6,14,9,1,10/2/2022
2331,4,66,34,2,10/2/2022
2332,3,3,385,5,10/3/2022
2333,7,20,197,3,10/3/2022
2334,13,19,99,3,10/4/2022
2335,13,50,234,3,10/4/2022
2336,8,1,242,1,10/5/2022
2337,13,92,77,1,10/5/2022
2338,14,51,336,3,10/5/2022
2339,4,17,204,2,10/5/2022
2340,3,25,185,2,10/5/2022
2341,13,62,462,2,10/5/2022
2342,18,73,389,1,10/6/2022
2343,7,66,403,3,10/6/2022
2344,9,62,287,3,10/7/2022
2345,3,85,75,4,10/7/2022
2346,13,68,187,4,10/8/2022
2347,2,29,323,6,10/8/2022
2348,11,12,169,5,10/9/2022
2349,7,74,237,2,10/9/2022
2350,1,41,376,3,10/9/2022
2351,7,33,242,4,10/9/2022
2352,8,56,227,1,10/10/2022
2353,1,86,425,3,10/10/2022
2354,6,40,455,6,10/10/2022
2355,15,44,139,4,10/10/2022
2356,8,72,59,4,10/10/2022
2357,8,32,388,3,10/10/2022
2358,6,74,489,3,10/12/2022
2359,4,21,150,1,10/13/2022
2360,1,88,395,2,10/13/2022
2361,14,51,431,3,10/13/2022
2362,9,23,287,2,10/14/2022
2363,1,57,485,4,10/14/2022
2364,7,72,111,5,10/14/2022
2365,10,39,316,2,10/14/2022
2366,7,31,180,1,10/15/2022
2367,20,86,388,1,10/16/2022
2368,13,47,382,1,10/16/2022
2369,2,13,171,4,10/16/2022
2370,15,46,56,4,10/18/2022
2371,1,47,182,5,10/18/2022
2372,19,33,136,3,10/18/2022
2373,14,93,322,1,10/19/2022
2374,16,52,39,5,10/19/2022
2375,20,89,478,2,10/19/2022
2376,3,1,148,6,10/20/2022
2377,6,87,14,1,10/21/2022
2378,7,34,86,5,10/22/2022
2379,17,7,278,3,10/22/2022
2380,6,92,340,5,10/22/2022
2381,20,26,58,3,10/22/2022
2382,9,33,118,2,10/22/2022
2383,19,49,163,6,10/23/2022
2384,4,54,171,3,10/23/2022
2385,2,59,379,3,10/23/2022
2386,8,98,275,4,10/23/2022
2387,3,96,130,4,10/24/2022
2388,4,71,481,6,10/24/2022
2389,9,65,275,5,10/25/2022
2390,4,75,183,1,10/25/2022
2391,5,81,385,1,10/25/2022
2392,3,91,134,3,10/26/2022
2393,8,75,237,3,10/26/2022
2394,8,90,213,5,10/26/2022
2395,19,38,394,5,10/26/2022
2396,14,62,392,4,10/27/2022
2397,13,55,369,3,10/27/2022
2398,13,21,61,1,10/28/2022
2399,9,36,310,5,10/28/2022
2400,10,48,129,4,10/28/2022
2401,17,64,43,6,10/28/2022
2402,19,46,74,1,10/29/2022
2403,7,78,324,3,10/29/2022
2404,13,18,473,6,10/29/2022
2405,11,53,236,3,10/29/2022
2406,2,60,97,1,10/30/2022
2407,12,21,236,6,10/30/2022
2408,6,33,436,3,10/30/2022
2409,7,82,142,5,10/30/2022
2410,6,97,189,3,11/1/2022
2411,16,94,347,4,11/1/2022
2412,17,86,258,5,11/1/2022
2413,15,67,421,4,11/2/2022
2414,3,83,372,1,11/2/2022
2415,8,33,368,3,11/3/2022
2416,6,48,470,4,11/3/2022
2417,6,89,398,4,11/3/2022
2418,10,37,134,5,11/4/2022
2419,14,65,463,2,11/4/2022
2420,5,39,394,5,11/4/2022
2421,1,42,130,3,11/5/2022
2422,4,25,463,3,11/5/2022
2423,16,7,195,3,11/5/2022
2424,13,50,389,2,11/5/2022
2425,5,72,446,1,11/6/2022
2426,9,34,171,2,11/6/2022
2427,16,94,155,3,11/6/2022
2428,18,55,277,4,11/7/2022
2429,1,11,80,5,11/8/2022
2430,2,64,418,5,11/8/2022
2431,20,61,392,1,11/9/2022
2432,6,74,270,5,11/9/2022
2433,13,48,249,4,11/9/2022
2434,8,62,483,3,11/10/2022
2435,18,75,4,4,11/11/2022
2436,18,65,337,5,11/11/2022
2437,6,67,234,5,11/11/2022
2438,5,33,18,3,11/12/2022
2439,4,91,180,5,11/12/2022
2440,16,99,200,5,11/13/2022
2441,10,83,331,1,11/13/2022
2442,14,37,474,5,11/13/2022
2443,16,48,259,6,11/14/2022
2444,15,65,233,5,11/15/2022
2445,19,5,306,2,11/15/2022
2446,6,90,378,1,11/15/2022
2447,5,87,163,3,11/15/2022
2448,1,11,418,6,11/15/2022
2449,4,81,13,2,11/16/2022
2450,3,56,438,5,11/16/2022
2451,5,76,388,3,11/16/2022
2452,7,87,7,5,11/16/2022
2453,13,80,389,3,11/17/2022
2454,13,55,417,2,11/18/2022
2455,17,20,201,2,11/18/2022
2456,14,6,322,4,11/19/2022
2457,16,88,29,5,11/20/2022
2458,17,91,294,5,11/20/2022
2459,1,33,406,1,11/20/2022
2460,19,65,278,5,11/20/2022
2461,19,95,344,6,11/22/2022
2462,5,51,470,3,11/23/2022
2463,6,51,175,5,11/23/2022
2464,18,21,117,2,11/23/2022
2465,3,5,417,2,11/23/2022
2466,11,38,125,1,11/23/2022
2467,11,30,32,3,11/24/2022
2468,20,56,305,3,11/24/2022
2469,11,71,454,2,11/24/2022
2470,5,51,408,2,11/24/2022
2471,15,94,102,4,11/25/2022
2472,13,35,433,5,11/25/2022
2473,13,41,451,2,11/25/2022
2474,1,94,319,1,11/26/2022
2475,12,30,393,4,11/26/2022
2476,17,10,17,1,11/26/2022
2477,20,61,481,1,11/27/2022
2478,12,30,408,4,11/27/2022
2479,12,55,319,1,11/28/2022
2480,6,74,212,5,11/29/2022
2481,8,76,439,2,11/29/2022
2482,15,14,415,5,11/29/2022
2483,2,58,111,5,11/30/2022
2484,20,21,283,1,11/30/2022
2485,14,15,490,2,11/30/2022
2486,9,15,422,1,11/30/2022
2487,18,92,371,6,12/1/2022
2488,1,42,108,4,12/1/2022
2489,7,17,69,3,12/2/2022
2490,9,21,315,5,12/3/2022
2491,18,57,264,2,12/3/2022
2492,16,98,124,2,12/4/2022
2493,8,56,239,4,12/4/2022
2494,4,79,91,3,12/5/2022
2495,13,99,320,3,12/5/2022
2496,15,70,488,2,12/5/2022
2497,6,5,112,3,12/5/2022
2498,11,84,394,1,12/5/2022
2499,5,50,333,3,12/6/2022
2500,7,89,122,3,12/6/2022
2501,17,14,168,4,12/6/2022
2502,12,97,120,2,12/6/2022
2503,1,75,102,2,12/7/2022
2504,18,28,48,4,12/7/2022
2505,9,21,283,4,12/7/2022
2506,8,3,131,5,12/7/2022
2507,8,74,446,2,12/8/2022
2508,14,42,129,3,12/8/2022
2509,5,37,345,4,12/8/2022
2510,9,56,70,5,12/9/2022
2511,7,54,57,3,12/9/2022
2512,10,70,269,5,12/9/2022
2513,20,84,210,3,12/10/2022
2514,1,91,498,3,12/10/2022
2515,11,65,196,1,12/10/2022
2516,1,42,331,6,12/10/2022
2517,16,94,303,4,12/10/2022
2518,8,5,401,3,12/11/2022
2519,17,65,442,3,12/11/2022
2520,15,27,387,4,12/11/2022
2521,19,52,70,4,12/11/2022
2522,10,95,140,1,12/11/2022
2523,9,49,229,1,12/11/2022
2524,5,37,498,3,12/11/2022
2525,9,95,70,2,12/13/2022
2526,4,61,214,5,12/13/2022
2527,14,92,468,3,12/14/2022
2528,16,38,352,3,12/14/2022
2529,5,69,311,6,12/14/2022
2530,9,65,267,2,12/14/2022
2531,13,63,344,3,12/15/2022
2532,9,6,127,4,12/16/2022
2533,6,34,272,2,12/16/2022
2534,4,90,242,1,12/16/2022
2535,1,36,24,1,12/16/2022
2536,5,100,481,1,12/17/2022
2537,16,99,366,1,12/17/2022
2538,10,90,28,2,12/17/2022
2539,5,100,376,4,12/17/2022
2540,9,36,444,3,12/18/2022
2541,5,9,229,4,12/18/2022
2542,9,26,212,5,12/19/2022
2543,15,33,276,2,12/19/2022
2544,1,62,93,4,12/19/2022
2545,17,87,275,2,12/19/2022
2546,5,31,439,3,12/20/2022
2547,11,50,331,2,12/20/2022
2548,11,89,139,2,12/21/2022
2549,2,73,229,5,12/22/2022
2550,16,40,338,3,12/23/2022
2551,2,78,367,4,12/24/2022
2552,6,39,28,1,12/24/2022
2553,15,61,470,3,12/25/2022
2554,15,72,52,3,12/25/2022
2555,1,65,169,2,12/25/2022
2556,18,65,489,3,12/27/2022
2557,5,66,384,3,12/27/2022
2558,20,91,405,1,12/28/2022
2559,1,78,443,2,12/29/2022
2560,2,31,276,1,12/29/2022
2561,7,59,294,1,12/29/2022
2562,4,17,181,1,12/30/2022
2563,7,3,329,3,12/30/2022
2564,19,59,492,3,12/30/2022
2565,20,67,302,4,12/30/2022
2566,6,53,495,5,12/30/2022
2567,3,14,410,6,12/30/2022
2568,18,70,285,2,12/30/2022
2569,7,14,99,5,12/31/2022
2570,1,84,239,3,12/31/2022
2571,4,100,51,3,12/31/2022
2572,20,3,91,3,1/1/2023
2573,3,41,288,3,1/1/2023
2574,18,76,291,2,1/2/2023
2575,11,25,435,1,1/2/2023
2576,12,73,334,3,1/2/2023
2577,19,4,471,1,1/2/2023
2578,3,31,264,2,1/3/2023
2579,16,83,272,2,1/3/2023
2580,20,55,378,4,1/4/2023
2581,12,57,237,2,1/4/2023
2582,4,64,395,1,1/4/2023
2583,15,90,372,3,1/4/2023
2584,15,77,397,4,1/5/2023
2585,9,53,281,2,1/5/2023
2586,19,13,437,1,1/5/2023
2587,19,57,379,1,1/5/2023
2588,19,17,207,4,1/6/2023
2589,4,100,230,1,1/6/2023
2590,3,21,43,2,1/7/2023
2591,11,68,262,1,1/7/2023
2592,18,73,493,3,1/7/2023
2593,18,7,494,3,1/7/2023
2594,13,12,422,1,1/8/2023
2595,19,68,308,4,1/8/2023
2596,8,81,492,4,1/8/2023
2597,4,23,81,3,1/9/2023
2598,13,94,254,4,1/10/2023
2599,13,62,151,1,1/10/2023
2600,8,68,495,3,1/10/2023
2601,20,62,489,2,1/10/2023
2602,11,61,13,3,1/10/2023
2603,3,68,368,4,1/10/2023
2604,18,12,300,3,1/10/2023
2605,9,76,318,2,1/11/2023
2606,1,98,358,2,1/11/2023
2607,13,71,485,2,1/12/2023
2608,7,48,142,3,1/12/2023
2609,8,78,314,3,1/12/2023
2610,16,38,435,2,1/12/2023
2611,12,54,375,4,1/12/2023
2612,9,5,172,2,1/13/2023
2613,16,94,160,3,1/13/2023
2614,6,61,378,3,1/13/2023
2615,12,84,486,4,1/14/2023
2616,20,54,85,3,1/14/2023
2617,2,79,332,2,1/16/2023
2618,18,100,497,2,1/17/2023
2619,11,89,128,4,1/18/2023
2620,18,67,234,4,1/18/2023
2621,19,44,12,2,1/19/2023
2622,3,46,341,4,1/20/2023
2623,19,31,211,2,1/20/2023
2624,5,93,450,2,1/20/2023
2625,8,11,186,2,1/21/2023
2626,11,84,464,4,1/22/2023
2627,4,78,27,1,1/22/2023
2628,13,35,22,1,1/22/2023
2629,19,52,381,2,1/23/2023
2630,11,57,193,3,1/23/2023
2631,3,100,99,3,1/24/2023
2632,17,44,201,1,1/24/2023
2633,13,95,378,3,1/24/2023
2634,6,4,26,1,1/26/2023
2635,19,4,155,3,1/26/2023
2636,16,44,286,1,1/28/2023
2637,5,36,52,4,1/28/2023
2638,17,18,46,1,1/29/2023
2639,19,6,169,2,1/29/2023
2640,3,79,28,4,1/30/2023
2641,8,23,291,3,1/30/2023
2642,1,90,424,2,1/31/2023
2643,3,4,487,2,1/31/2023
2644,18,33,211,2,1/31/2023
2645,8,86,185,4,2/1/2023
2646,1,77,446,1,2/1/2023
2647,12,56,175,3,2/1/2023
2648,8,51,314,2,2/2/2023
2649,16,24,98,3,2/3/2023
2650,11,22,197,2,2/3/2023
2651,17,29,162,1,2/4/2023
2652,14,78,186,1,2/4/2023
2653,6,14,396,3,2/4/2023
2654,4,11,267,4,2/5/2023
2655,13,71,400,1,2/6/2023
2656,19,78,165,3,2/6/2023
2657,7,8,18,1,2/6/2023
2658,20,68,47,2,2/7/2023
2659,11,38,483,4,2/7/2023
2660,20,50,360,2,2/8/2023
2661,13,3,261,1,2/8/2023
2662,20,61,485,2,2/8/2023
2663,15,71,390,3,2/9/2023
2664,14,35,131,4,2/9/2023
2665,15,66,126,4,2/9/2023
2666,20,48,60,3,2/10/2023
2667,13,63,325,3,2/10/2023
2668,7,99,38,4,2/10/2023
2669,15,49,252,4,2/11/2023
2670,13,34,234,1,2/12/2023
2671,9,52,115,3,2/12/2023
2672,3,48,457,4,2/12/2023
2673,20,25,410,1,2/14/2023
2674,12,46,26,1,2/14/2023
2675,4,96,77,4,2/14/2023
2676,16,57,411,1,2/14/2023
2677,5,61,419,1,2/14/2023
2678,12,37,146,1,2/15/2023
2679,4,35,29,2,2/15/2023
2680,6,24,36,2,2/15/2023
2681,8,3,302,1,2/15/2023
2682,9,30,76,3,2/15/2023
2683,19,31,72,2,2/15/2023
2684,5,54,84,2,2/15/2023
2685,5,93,208,2,2/15/2023
2686,14,47,100,3,2/15/2023
2687,12,34,386,4,2/16/2023
2688,1,69,287,5,2/16/2023
2689,14,22,372,5,2/16/2023
2690,11,84,461,1,2/17/2023
2691,8,15,461,4,2/17/2023
2692,6,51,284,3,2/17/2023
2693,14,16,114,2,2/17/2023
2694,16,10,42,1,2/17/2023
2695,2,39,237,3,2/17/2023
2696,8,42,56,4,2/18/2023
2697,12,95,195,3,2/18/2023
2698,17,90,111,4,2/18/2023
2699,12,24,376,2,2/18/2023
2700,14,21,440,1,2/18/2023
2701,17,90,374,4,2/19/2023
2702,12,73,245,4,2/19/2023
2703,14,6,250,2,2/19/2023
2704,10,40,25,3,2/20/2023
2705,18,10,184,2,2/20/2023
2706,4,61,307,4,2/20/2023
2707,3,88,313,2,2/21/2023
2708,19,68,195,2,2/22/2023
2709,14,33,489,1,2/22/2023
2710,16,71,286,4,2/23/2023
2711,7,6,2,2,2/23/2023
2712,6,64,374,2,2/24/2023
2713,5,21,121,2,2/24/2023
2714,6,45,281,4,2/24/2023
2715,8,19,391,2,2/24/2023
2716,12,35,108,4,2/25/2023
2717,16,32,495,1,2/25/2023
2718,1,77,279,3,2/25/2023
2719,14,18,370,2,2/25/2023
2720,4,82,14,2,2/26/2023
2721,7,90,269,3,2/27/2023
2722,20,64,429,3,2/27/2023
2723,3,39,457,5,2/27/2023
2724,18,86,437,2,2/27/2023
2725,3,79,247,2,3/1/2023
2726,15,87,268,2,3/1/2023
2727,9,80,465,1,3/1/2023
2728,1,17,396,2,3/1/2023
2729,16,86,367,2,3/1/2023
2730,14,22,207,5,3/1/2023
2731,13,1,440,1,3/1/2023
2732,20,95,84,3,3/2/2023
2733,13,4,108,5,3/2/2023
2734,11,52,334,2,3/2/2023
2735,14,5,147,5,3/2/2023
2736,7,72,241,3,3/3/2023
2737,6,83,143,4,3/4/2023
2738,14,12,485,3,3/4/2023
2739,10,35,175,4,3/4/2023
2740,5,40,270,1,3/5/2023
2741,11,38,217,1,3/5/2023
2742,1,69,276,4,3/5/2023
2743,14,97,398,2,3/6/2023
2744,17,13,94,2,3/6/2023
2745,10,43,320,1,3/6/2023
2746,4,86,332,3,3/6/2023
2747,15,42,147,4,3/6/2023
2748,11,80,46,1,3/7/2023
2749,13,41,343,5,3/7/2023
2750,11,50,254,2,3/8/2023
2751,19,80,476,3,3/8/2023
2752,5,56,295,2,3/8/2023
2753,9,9,260,3,3/9/2023
2754,19,70,446,1,3/10/2023
2755,3,40,83,1,3/10/2023
2756,3,88,131,2,3/10/2023
2757,4,39,251,3,3/11/2023
2758,13,2,67,3,3/12/2023
2759,11,71,246,1,3/12/2023
2760,13,80,302,3,3/12/2023
2761,6,70,294,1,3/12/2023
2762,7,82,165,1,3/13/2023
2763,20,97,331,4,3/14/2023
2764,18,67,336,3,3/14/2023
2765,19,90,188,5,3/14/2023
2766,6,79,16,4,3/15/2023
2767,5,79,401,3,3/15/2023
2768,19,16,323,4,3/15/2023
2769,14,33,254,2,3/15/2023
2770,1,36,354,4,3/15/2023
2771,16,27,298,3,3/16/2023
2772,14,11,338,4,3/16/2023
2773,2,87,5,2,3/16/2023
2774,9,11,314,1,3/17/2023
2775,11,25,226,2,3/17/2023
2776,19,86,476,3,3/18/2023
2777,20,35,401,1,3/18/2023
2778,16,5,199,2,3/18/2023
2779,11,68,360,3,3/18/2023
2780,8,99,186,3,3/19/2023
2781,4,74,40,4,3/19/2023
2782,10,43,464,4,3/19/2023
2783,10,92,161,1,3/19/2023
2784,5,75,124,2,3/20/2023
2785,6,47,217,2,3/20/2023
2786,9,2,494,1,3/21/2023
2787,5,83,354,5,3/21/2023
2788,11,25,75,5,3/22/2023
2789,9,21,100,2,3/22/2023
2790,9,11,40,2,3/23/2023
2791,11,6,393,4,3/23/2023
2792,1,44,274,3,3/23/2023
2793,3,81,266,1,3/24/2023
2794,12,14,191,5,3/24/2023
2795,7,84,333,2,3/24/2023
2796,2,31,39,3,3/25/2023
2797,18,7,146,3,3/25/2023
2798,2,17,88,1,3/25/2023
2799,8,8,80,3,3/26/2023
2800,12,10,437,1,3/26/2023
2801,8,34,141,3,3/26/2023
2802,4,62,217,3,3/27/2023
2803,13,58,319,1,3/27/2023
2804,13,30,69,2,3/27/2023
2805,12,67,289,3,3/27/2023
2806,5,26,17,1,3/27/2023
2807,12,76,482,2,3/27/2023
2808,7,43,248,5,3/28/2023
2809,16,49,161,3,3/28/2023
2810,19,44,496,3,3/28/2023
2811,13,5,461,2,3/28/2023
2812,9,77,87,2,3/29/2023
2813,19,63,275,2,3/29/2023
2814,4,58,255,1,3/29/2023
2815,6,59,246,3,3/29/2023
2816,14,2,161,4,3/29/2023
2817,5,63,387,4,3/29/2023
2818,17,11,205,4,3/31/2023
2819,4,30,396,2,3/31/2023
2820,7,91,420,3,3/31/2023
2821,11,32,390,5,4/2/2023
2822,7,68,446,4,4/2/2023
2823,11,65,56,4,4/3/2023
2824,14,14,369,1,4/4/2023
2825,11,57,88,1,4/5/2023
2826,15,21,110,3,4/5/2023
2827,17,47,270,2,4/5/2023
2828,16,36,206,3,4/6/2023
2829,16,98,163,4,4/6/2023
2830,13,54,348,2,4/6/2023
2831,10,62,418,4,4/7/2023
2832,9,6,221,1,4/7/2023
2833,13,31,482,2,4/7/2023
2834,3,72,264,2,4/8/2023
2835,3,91,495,5,4/9/2023
2836,8,59,296,1,4/9/2023
2837,6,11,465,1,4/9/2023
2838,15,47,116,5,4/9/2023
2839,19,73,116,2,4/9/2023
2840,5,81,319,3,4/10/2023
2841,20,1,377,4,4/10/2023
2842,7,74,400,1,4/10/2023
2843,4,4,406,3,4/10/2023
2844,16,89,311,3,4/10/2023
2845,10,27,144,3,4/10/2023
2846,17,13,317,4,4/11/2023
2847,16,28,308,4,4/11/2023
2848,4,63,377,3,4/11/2023
2849,9,13,405,2,4/12/2023
2850,5,87,493,5,4/12/2023
2851,5,54,234,5,4/13/2023
2852,7,93,173,4,4/13/2023
2853,6,63,488,3,4/13/2023
2854,8,35,428,2,4/14/2023
2855,13,3,361,2,4/14/2023
2856,9,62,306,4,4/15/2023
2857,7,69,255,4,4/15/2023
2858,15,94,391,4,4/15/2023
2859,10,13,288,1,4/15/2023
2860,2,39,185,2,4/15/2023
2861,16,53,216,3,4/16/2023
2862,9,92,403,1,4/16/2023
2863,14,47,133,2,4/16/2023
2864,3,34,432,4,4/16/2023
2865,14,89,342,2,4/16/2023
2866,1,73,120,4,4/17/2023
2867,2,62,146,4,4/17/2023
2868,10,11,2,2,4/17/2023
2869,1,90,36,3,4/17/2023
2870,2,24,342,4,4/18/2023
2871,8,64,134,3,4/18/2023
2872,8,77,409,4,4/19/2023
2873,9,7,42,3,4/20/2023
2874,2,68,30,4,4/20/2023
2875,14,20,15,4,4/20/2023
2876,1,24,358,3,4/21/2023
2877,5,66,217,2,4/21/2023
2878,2,11,443,1,4/21/2023
2879,3,31,125,3,4/21/2023
2880,5,62,352,2,4/21/2023
2881,6,22,491,2,4/21/2023
2882,16,27,332,3,4/21/2023
2883,3,60,147,1,4/22/2023
2884,16,42,414,5,4/22/2023
2885,19,67,225,5,4/22/2023
2886,6,59,417,2,4/22/2023
2887,16,8,215,1,4/23/2023
2888,14,94,244,5,4/24/2023
2889,16,87,415,3,4/24/2023
2890,8,60,241,1,4/25/2023
2891,8,59,385,5,4/25/2023
2892,13,74,125,1,4/26/2023
2893,14,49,249,2,4/26/2023
2894,6,40,172,4,4/27/2023
2895,5,25,496,4,4/28/2023
2896,15,68,302,1,4/28/2023
2897,6,87,112,5,4/29/2023
2898,8,49,145,2,4/29/2023
2899,17,12,285,4,4/29/2023
2900,14,13,180,3,4/29/2023
2901,5,85,89,4,4/29/2023
2902,18,35,206,1,4/29/2023
2903,20,89,348,1,4/30/2023
2904,15,24,363,1,4/30/2023
2905,12,57,187,3,4/30/2023
2906,13,20,315,3,4/30/2023
2907,14,54,280,3,5/1/2023
2908,9,65,290,1,5/1/2023
2909,1,19,260,4,5/1/2023
2910,9,6,460,3,5/2/2023
2911,11,45,421,4,5/3/2023
2912,18,22,430,2,5/3/2023
2913,5,20,429,3,5/3/2023
2914,20,84,445,1,5/4/2023
2915,18,9,464,3,5/4/2023
2916,10,97,300,4,5/4/2023
2917,4,72,241,1,5/4/2023
2918,17,72,198,4,5/4/2023
2919,7,85,150,4,5/4/2023
2920,13,14,130,4,5/5/2023
2921,19,12,413,5,5/5/2023
2922,16,93,44,3,5/5/2023
2923,8,26,85,5,5/5/2023
2924,19,20,395,3,5/6/2023
2925,2,22,188,2,5/6/2023
2926,19,37,17,2,5/6/2023
2927,11,66,297,4,5/7/2023
2928,11,30,308,5,5/8/2023
2929,10,10,474,4,5/9/2023
2930,20,2,453,2,5/9/2023
2931,4,65,236,2,5/10/2023
2932,2,72,6,3,5/10/2023
2933,20,91,417,3,5/10/2023
2934,5,85,267,3,5/11/2023
2935,14,69,112,2,5/11/2023
2936,6,81,44,5,5/11/2023
2937,3,33,40,1,5/12/2023
2938,7,44,226,3,5/12/2023
2939,16,10,319,4,5/12/2023
2940,1,92,491,3,5/12/2023
2941,16,98,323,4,5/12/2023
2942,4,6,120,3,5/13/2023
2943,7,31,409,4,5/13/2023
2944,2,87,377,4,5/14/2023
2945,1,65,11,4,5/14/2023
2946,4,12,300,4,5/15/2023
2947,14,60,91,5,5/15/2023
2948,2,78,464,1,5/15/2023
2949,6,13,426,1,5/15/2023
2950,1,70,272,1,5/16/2023
2951,13,62,431,5,5/16/2023
2952,8,46,112,1,5/17/2023
2953,17,57,73,3,5/17/2023
2954,20,82,51,1,5/18/2023
2955,15,15,455,1,5/18/2023
2956,3,27,237,3,5/19/2023
2957,6,7,67,5,5/19/2023
2958,7,73,282,1,5/20/2023
2959,14,78,414,1,5/20/2023
2960,10,53,206,3,5/20/2023
2961,18,64,392,1,5/21/2023
2962,14,81,387,4,5/21/2023
2963,13,2,359,2,5/21/2023
2964,18,94,334,4,5/22/2023
2965,12,5,120,4,5/23/2023
2966,6,85,107,1,5/23/2023
2967,16,27,7,4,5/23/2023
2968,20,76,349,1,5/23/2023
2969,19,28,385,3,5/23/2023
2970,9,58,75,1,5/24/2023
2971,20,21,325,1,5/24/2023
2972,8,59,345,2,5/25/2023
2973,20,83,391,2,5/25/2023
2974,9,37,122,2,5/25/2023
2975,19,88,91,1,5/26/2023
2976,17,37,392,3,5/26/2023
2977,10,16,282,2,5/26/2023
2978,2,23,162,4,5/27/2023
2979,8,75,418,1,5/27/2023
2980,3,24,391,2,5/27/2023
2981,4,40,210,4,5/27/2023
2982,10,53,236,4,5/27/2023
2983,5,61,6,3,5/27/2023
2984,5,92,352,3,5/27/2023
2985,10,44,119,4,5/28/2023
2986,4,89,67,4,5/28/2023
2987,7,31,370,4,5/28/2023
2988,20,37,416,4,5/28/2023
2989,17,92,200,3,5/28/2023
2990,8,67,195,4,5/29/2023
2991,12,79,296,3,5/29/2023
2992,20,80,483,2,5/29/2023
2993,12,48,257,4,5/29/2023
2994,19,16,23,1,5/29/2023
2995,16,80,30,3,5/30/2023
2996,16,6,96,2,5/30/2023
2997,18,12,440,2,5/30/2023
2998,5,32,265,5,5/30/2023
2999,3,53,253,4,5/30/2023
3000,3,28,329,1,5/30/2023
3001,10,64,257,2,6/1/2023
3002,12,61,336,4,6/1/2023
3003,1,6,468,3,6/1/2023
3004,4,27,459,3,6/1/2023
3005,18,89,13,1,6/1/2023
3006,9,32,416,2,6/2/2023
3007,19,91,189,2,6/2/2023
3008,4,76,129,1,6/3/2023
3009,15,73,143,2,6/3/2023
3010,3,82,290,3,6/4/2023
3011,9,90,64,1,6/4/2023
3012,1,5,155,2,6/5/2023
3013,19,12,25,1,6/5/2023
3014,18,88,468,3,6/5/2023
3015,14,53,407,3,6/6/2023
3016,6,64,255,2,6/6/2023
3017,15,60,259,2,6/7/2023
3018,17,56,87,2,6/7/2023
3019,15,68,263,4,6/8/2023
3020,12,40,463,4,6/9/2023
3021,4,30,170,1,6/9/2023
3022,6,17,192,2,6/10/2023
3023,2,62,138,2,6/10/2023
3024,19,30,495,3,6/10/2023
3025,14,30,102,3,6/11/2023
3026,16,43,459,2,6/11/2023
3027,19,49,487,2,6/11/2023
3028,5,89,233,4,6/11/2023
3029,19,54,230,2,6/11/2023
3030,4,46,417,2,6/11/2023
3031,13,52,33,3,6/11/2023
3032,18,52,111,3,6/12/2023
3033,5,9,252,4,6/12/2023
3034,3,44,166,1,6/13/2023
3035,16,34,266,4,6/13/2023
3036,10,17,495,5,6/13/2023
3037,5,25,426,1,6/13/2023
3038,10,71,491,1,6/13/2023
3039,12,27,299,6,6/16/2023
3040,4,84,487,2,6/16/2023
3041,16,61,76,3,6/16/2023
3042,20,5,267,1,6/16/2023
3043,15,73,292,4,6/16/2023
3044,15,35,181,1,6/17/2023
3045,18,17,64,3,6/17/2023
3046,5,40,40,1,6/17/2023
3047,6,78,428,5,6/18/2023
3048,11,53,339,5,6/18/2023
3049,17,49,352,1,6/18/2023
3050,6,11,169,5,6/18/2023
3051,13,89,477,2,6/18/2023
3052,8,11,126,3,6/19/2023
3053,2,17,427,3,6/19/2023
3054,15,51,162,3,6/19/2023
3055,11,67,74,3,6/19/2023
3056,20,35,203,3,6/20/2023
3057,5,95,131,4,6/21/2023
3058,17,10,240,1,6/21/2023
3059,12,39,357,4,6/21/2023
3060,4,75,204,1,6/21/2023
3061,18,8,239,1,6/21/2023
3062,18,99,21,3,6/22/2023
3063,4,27,167,4,6/23/2023
3064,15,71,452,1,6/23/2023
3065,2,85,7,1,6/24/2023
3066,11,71,338,3,6/24/2023
3067,9,51,99,1,6/25/2023
3068,7,1,41,4,6/26/2023
3069,8,26,25,1,6/26/2023
3070,9,36,318,1,6/26/2023
3071,20,36,16,1,6/27/2023
3072,18,39,289,5,6/28/2023
3073,11,45,339,1,6/30/2023
3074,5,10,172,3,6/30/2023
3075,19,89,46,5,6/30/2023
3076,12,5,151,4,7/1/2023
3077,16,61,256,4,7/1/2023
3078,12,68,82,4,7/1/2023
3079,13,66,111,4,7/1/2023
3080,15,11,463,6,7/1/2023
3081,9,18,111,1,7/1/2023
3082,9,57,478,3,7/2/2023
3083,8,64,379,1,7/3/2023
3084,6,4,10,3,7/4/2023
3085,13,14,94,5,7/4/2023
3086,13,97,197,2,7/4/2023
3087,1,92,485,1,7/5/2023
3088,1,12,417,5,7/5/2023
3089,11,81,403,5,7/5/2023
3090,15,96,472,5,7/5/2023
3091,5,14,328,5,7/5/2023
3092,9,72,197,4,7/5/2023
3093,10,32,33,5,7/7/2023
3094,14,47,63,5,7/7/2023
3095,3,28,31,1,7/8/2023
3096,6,39,326,4,7/8/2023
3097,14,29,451,1,7/8/2023
3098,16,64,141,1,7/8/2023
3099,13,77,117,4,7/9/2023
3100,17,12,479,3,7/9/2023
3101,10,49,91,1,7/9/2023
3102,13,38,270,2,7/10/2023
3103,8,40,295,2,7/10/2023
3104,8,86,383,2,7/11/2023
3105,9,72,80,4,7/12/2023
3106,11,93,37,2,7/12/2023
3107,6,27,297,4,7/12/2023
3108,1,24,393,1,7/13/2023
3109,5,53,159,2,7/13/2023
3110,7,27,458,6,7/13/2023
3111,9,28,258,2,7/13/2023
3112,20,72,475,3,7/13/2023
3113,13,67,269,5,7/14/2023
3114,18,43,12,5,7/14/2023
3115,4,57,259,2,7/15/2023
3116,12,70,101,4,7/15/2023
3117,8,24,357,3,7/17/2023
3118,6,89,135,4,7/17/2023
3119,14,25,283,5,7/17/2023
3120,9,57,480,4,7/18/2023
3121,18,46,385,3,7/19/2023
3122,9,23,20,4,7/19/2023
3123,5,29,260,4,7/19/2023
3124,16,26,66,1,7/20/2023
3125,13,58,178,3,7/20/2023
3126,17,3,105,2,7/21/2023
3127,1,71,453,3,7/21/2023
3128,7,87,474,5,7/22/2023
3129,3,83,63,2,7/22/2023
3130,2,27,125,4,7/23/2023
3131,11,67,452,3,7/23/2023
3132,19,48,297,1,7/23/2023
3133,15,16,211,5,7/23/2023
3134,2,39,490,2,7/24/2023
3135,9,13,158,5,7/24/2023
3136,15,100,106,1,7/24/2023
3137,20,64,63,2,7/24/2023
3138,3,96,447,4,7/26/2023
3139,11,100,65,5,7/27/2023
3140,9,61,404,1,7/27/2023
3141,15,67,47,5,7/27/2023
3142,1,96,217,5,7/28/2023
3143,16,40,374,5,7/28/2023
3144,4,63,110,4,7/29/2023
3145,10,69,209,5,7/29/2023
3146,13,98,65,2,7/29/2023
3147,1,4,205,2,7/29/2023
3148,8,98,209,2,7/30/2023
3149,6,24,213,3,7/30/2023
3150,11,45,113,3,7/30/2023
3151,16,39,424,1,7/30/2023
3152,11,68,300,2,7/31/2023
3153,16,38,182,4,7/31/2023
3154,20,52,219,1,7/31/2023
3155,8,74,39,1,7/31/2023
3156,1,3,255,3,7/31/2023
3157,14,23,226,1,8/1/2023
3158,4,31,294,5,8/2/2023
3159,12,38,10,4,8/2/2023
3160,19,77,490,1,8/2/2023
3161,3,45,316,3,8/3/2023
3162,11,36,400,3,8/4/2023
3163,4,47,73,1,8/4/2023
3164,20,81,414,5,8/4/2023
3165,18,26,168,1,8/5/2023
3166,10,95,234,1,8/5/2023
3167,14,28,481,5,8/6/2023
3168,9,87,438,1,8/6/2023
3169,15,56,281,4,8/7/2023
3170,19,42,31,2,8/8/2023
3171,19,98,185,3,8/8/2023
3172,20,61,140,1,8/8/2023
3173,1,28,283,6,8/8/2023
3174,10,41,473,2,8/9/2023
3175,6,43,313,2,8/9/2023
3176,2,95,316,5,8/9/2023
3177,2,20,314,2,8/10/2023
3178,2,22,399,3,8/11/2023
3179,8,79,27,4,8/11/2023
3180,16,25,255,3,8/11/2023
3181,15,48,375,5,8/11/2023
3182,3,51,191,5,8/11/2023
3183,12,60,52,4,8/11/2023
3184,18,63,194,1,8/11/2023
3185,9,92,497,1,8/12/2023
3186,12,28,205,3,8/12/2023
3187,16,99,425,2,8/12/2023
3188,5,88,384,2,8/13/2023
3189,5,89,222,1,8/14/2023
3190,16,73,105,6,8/14/2023
3191,11,67,191,1,8/14/2023
3192,16,79,165,4,8/14/2023
3193,3,9,251,4,8/15/2023
3194,13,47,106,6,8/15/2023
3195,19,60,138,5,8/16/2023
3196,7,25,464,1,8/16/2023
3197,17,22,351,3,8/16/2023
3198,18,81,385,2,8/16/2023
3199,18,17,267,1,8/17/2023
3200,13,65,400,3,8/17/2023
3201,19,21,295,5,8/18/2023
3202,9,47,45,3,8/18/2023
3203,16,25,181,5,8/18/2023
3204,6,26,188,4,8/19/2023
3205,8,83,406,4,8/19/2023
3206,9,53,474,1,8/19/2023
3207,1,60,231,1,8/20/2023
3208,19,8,325,5,8/20/2023
3209,14,23,239,4,8/20/2023
3210,18,37,382,2,8/20/2023
3211,1,26,305,1,8/21/2023
3212,3,7,2,5,8/22/2023
3213,8,57,322,4,8/22/2023
3214,2,36,403,5,8/22/2023
3215,8,77,290,1,8/23/2023
3216,19,8,272,2,8/24/2023
3217,19,75,157,3,8/24/2023
3218,16,45,97,2,8/25/2023
3219,14,90,433,1,8/25/2023
3220,6,81,299,5,8/26/2023
3221,18,39,329,2,8/26/2023
3222,7,25,21,5,8/26/2023
3223,8,12,405,5,8/27/2023
3224,15,48,107,1,8/27/2023
3225,2,18,263,5,8/28/2023
3226,2,45,108,5,8/29/2023
3227,14,1,301,2,8/29/2023
3228,14,39,433,4,8/29/2023
3229,13,28,331,2,8/29/2023
3230,19,73,107,5,8/30/2023
3231,13,70,443,2,8/30/2023
3232,4,66,31,2,8/31/2023
3233,1,75,96,2,8/31/2023
3234,3,3,70,2,8/31/2023
3235,10,53,236,5,9/1/2023
3236,6,23,373,2,9/1/2023
3237,8,34,70,3,9/2/2023
3238,16,61,236,2,9/2/2023
3239,12,75,260,4,9/2/2023
3240,11,5,371,1,9/2/2023
3241,8,5,359,3,9/2/2023
3242,9,80,78,2,9/3/2023
3243,5,67,303,4,9/4/2023
3244,9,50,392,4,9/5/2023
3245,19,26,158,2,9/5/2023
3246,3,25,7,2,9/5/2023
3247,10,10,111,6,9/5/2023
3248,1,37,411,4,9/5/2023
3249,6,19,133,4,9/5/2023
3250,15,3,468,4,9/6/2023
3251,13,93,1,5,9/6/2023
3252,12,57,360,3,9/7/2023
3253,14,70,381,2,9/7/2023
3254,3,97,230,4,9/7/2023
3255,3,22,4,2,9/8/2023
3256,7,12,471,3,9/8/2023
3257,9,34,30,2,9/8/2023
3258,6,93,426,1,9/8/2023
3259,12,77,124,1,9/9/2023
3260,18,13,232,5,9/10/2023
3261,1,45,156,1,9/10/2023
3262,6,4,451,2,9/11/2023
3263,6,99,221,4,9/11/2023
3264,5,7,155,2,9/12/2023
3265,4,70,200,1,9/12/2023
3266,11,83,384,5,9/12/2023
3267,7,48,96,4,9/13/2023
3268,3,48,258,1,9/13/2023
3269,13,67,37,1,9/14/2023
3270,4,80,263,6,9/14/2023
3271,19,72,122,1,9/14/2023
3272,11,69,415,3,9/15/2023
3273,13,39,63,4,9/15/2023
3274,4,54,83,2,9/15/2023
3275,10,75,27,2,9/16/2023
3276,12,13,5,2,9/16/2023
3277,14,17,78,1,9/16/2023
3278,2,1,206,5,9/17/2023
3279,12,86,260,1,9/17/2023
3280,20,41,240,1,9/17/2023
3281,2,37,173,4,9/17/2023
3282,8,9,477,3,9/18/2023
3283,14,90,342,4,9/19/2023
3284,5,80,76,5,9/20/2023
3285,9,25,38,5,9/20/2023
3286,6,65,337,4,9/21/2023
3287,1,44,101,1,9/21/2023
3288,15,84,119,3,9/21/2023
3289,8,99,111,3,9/21/2023
3290,13,15,157,2,9/21/2023
3291,18,100,486,3,9/21/2023
3292,6,45,344,4,9/21/2023
3293,7,20,295,4,9/21/2023
3294,18,71,280,3,9/22/2023
3295,20,11,65,1,9/22/2023
3296,1,58,395,1,9/23/2023
3297,1,44,360,1,9/23/2023
3298,6,31,193,1,9/23/2023
3299,8,21,147,2,9/24/2023
3300,10,27,268,4,9/24/2023
3301,18,28,191,4,9/24/2023
3302,20,76,236,2,9/24/2023
3303,1,92,411,7,9/25/2023
3304,2,88,245,2,9/25/2023
3305,5,7,427,5,9/26/2023
3306,15,29,137,5,9/27/2023
3307,19,54,280,3,9/27/2023
3308,6,3,21,4,9/27/2023
3309,12,28,144,2,9/28/2023
3310,14,54,165,5,9/28/2023
3311,9,39,163,4,9/28/2023
3312,17,41,94,5,9/28/2023
3313,9,73,83,4,9/29/2023
3314,2,97,408,2,9/29/2023
3315,3,33,335,2,9/29/2023
3316,19,2,140,3,9/30/2023
3317,14,7,87,3,9/30/2023
3318,3,53,398,5,9/30/2023
3319,1,79,334,4,9/30/2023
3320,14,27,404,1,10/1/2023
3321,20,4,181,2,10/1/2023
3322,9,42,169,3,10/1/2023
3323,16,86,221,2,10/1/2023
3324,5,67,369,5,10/1/2023
3325,3,80,341,5,10/1/2023
3326,3,46,302,2,10/1/2023
3327,15,83,405,5,10/2/2023
3328,19,45,263,4,10/2/2023
3329,6,14,9,1,10/2/2023
3330,4,66,34,2,10/2/2023
3331,7,1,449,5,10/2/2023
3332,3,3,385,5,10/3/2023
3333,7,20,197,3,10/3/2023
3334,13,50,234,3,10/4/2023
3335,13,19,99,3,10/4/2023
3336,14,51,336,3,10/5/2023
3337,13,62,462,2,10/5/2023
3338,4,17,204,1,10/5/2023
3339,13,92,77,1,10/5/2023
3340,3,25,185,2,10/5/2023
3341,8,1,242,1,10/5/2023
3342,18,73,389,1,10/6/2023
3343,7,66,403,3,10/6/2023
3344,9,62,287,3,10/7/2023
3345,3,85,75,4,10/7/2023
3346,2,29,323,6,10/8/2023
3347,13,68,187,4,10/8/2023
3348,7,74,237,2,10/9/2023
3349,11,12,169,6,10/9/2023
3350,1,41,376,3,10/9/2023
3351,7,33,242,4,10/9/2023
3352,6,40,455,6,10/10/2023
3353,8,72,59,4,10/10/2023
3354,1,86,425,3,10/10/2023
3355,8,56,227,1,10/10/2023
3356,8,32,388,3,10/10/2023
3357,15,44,139,3,10/10/2023
3358,6,74,489,3,10/12/2023
3359,14,51,431,3,10/13/2023
3360,4,21,150,1,10/13/2023
3361,1,88,395,2,10/13/2023
3362,10,39,316,2,10/14/2023
3363,1,57,485,5,10/14/2023
3364,7,72,111,5,10/14/2023
3365,9,23,287,2,10/14/2023
3366,7,31,180,1,10/15/2023
3367,2,13,171,5,10/16/2023
3368,13,47,382,1,10/16/2023
3369,20,86,388,1,10/16/2023
3370,1,47,182,6,10/18/2023
3371,15,46,56,5,10/18/2023
3372,19,33,136,4,10/18/2023
3373,14,93,322,1,10/19/2023
3374,16,52,39,5,10/19/2023
3375,20,89,478,2,10/19/2023
3376,3,1,148,6,10/20/2023
3377,6,87,14,1,10/21/2023
3378,7,34,86,4,10/22/2023
3379,17,7,278,5,10/22/2023
3380,20,26,58,3,10/22/2023
3381,6,92,340,5,10/22/2023
3382,9,33,118,2,10/22/2023
3383,2,59,379,4,10/23/2023
3384,4,54,171,3,10/23/2023
3385,19,49,163,4,10/23/2023
3386,8,98,275,5,10/23/2023
3387,3,96,130,4,10/24/2023
3388,4,71,481,5,10/24/2023
3389,5,81,385,1,10/25/2023
3390,4,75,183,1,10/25/2023
3391,9,65,275,4,10/25/2023
3392,8,90,213,6,10/26/2023
3393,19,38,394,5,10/26/2023
3394,3,91,134,4,10/26/2023
3395,8,75,237,3,10/26/2023
3396,13,55,369,3,10/27/2023
3397,14,62,392,4,10/27/2023
3398,10,48,129,5,10/28/2023
3399,9,36,310,5,10/28/2023
3400,13,21,61,1,10/28/2023
3401,17,64,43,6,10/28/2023
3402,13,18,473,5,10/29/2023
3403,11,53,236,3,10/29/2023
3404,19,46,74,1,10/29/2023
3405,7,78,324,3,10/29/2023
3406,7,82,142,6,10/30/2023
3407,2,60,97,1,10/30/2023
3408,6,33,436,3,10/30/2023
3409,12,21,236,5,10/30/2023
3410,6,97,189,3,11/1/2023
3411,17,86,258,5,11/1/2023
3412,16,94,347,4,11/1/2023
3413,3,83,372,1,11/2/2023
3414,15,67,421,4,11/2/2023
3415,6,48,470,5,11/3/2023
3416,8,33,368,3,11/3/2023
3417,6,89,398,4,11/3/2023
3418,10,37,134,5,11/4/2023
3419,14,65,463,2,11/4/2023
3420,5,39,394,4,11/4/2023
3421,13,50,389,2,11/5/2023
3422,16,7,195,3,11/5/2023
3423,1,42,130,2,11/5/2023
3424,4,25,463,3,11/5/2023
3425,16,94,155,4,11/6/2023
3426,9,34,171,2,11/6/2023
3427,5,72,446,1,11/6/2023
3428,18,55,277,4,11/7/2023
3429,1,11,80,5,11/8/2023
3430,2,64,418,5,11/8/2023
3431,20,61,392,1,11/9/2023
3432,6,74,270,5,11/9/2023
3433,13,48,249,4,11/9/2023
3434,8,62,483,4,11/10/2023
3435,18,65,337,6,11/11/2023
3436,18,75,4,5,11/11/2023
3437,6,67,234,5,11/11/2023
3438,5,33,18,3,11/12/2023
3439,4,91,180,4,11/12/2023
3440,14,37,474,6,11/13/2023
3441,10,83,331,1,11/13/2023
3442,16,99,200,6,11/13/2023
3443,16,48,259,6,11/14/2023
3444,5,87,163,3,11/15/2023
3445,15,65,233,6,11/15/2023
3446,1,11,418,5,11/15/2023
3447,19,5,306,2,11/15/2023
3448,6,90,378,1,11/15/2023
3449,4,81,13,2,11/16/2023
3450,5,76,388,3,11/16/2023
3451,7,87,7,6,11/16/2023
3452,3,56,438,5,11/16/2023
3453,13,80,389,3,11/17/2023
3454,13,55,417,2,11/18/2023
3455,17,20,201,2,11/18/2023
3456,14,6,322,5,11/19/2023
3457,16,88,29,5,11/20/2023
3458,19,65,278,6,11/20/2023
3459,17,91,294,5,11/20/2023
3460,1,33,406,1,11/20/2023
3461,19,95,344,6,11/22/2023
3462,18,21,117,2,11/23/2023
3463,5,51,470,4,11/23/2023
3464,3,5,417,2,11/23/2023
3465,11,38,125,1,11/23/2023
3466,6,51,175,4,11/23/2023
3467,20,56,305,3,11/24/2023
3468,5,51,408,2,11/24/2023
3469,11,71,454,2,11/24/2023
3470,11,30,32,3,11/24/2023
3471,13,41,451,2,11/25/2023
3472,13,35,433,5,11/25/2023
3473,15,94,102,4,11/25/2023
3474,17,10,17,1,11/26/2023
3475,12,30,393,4,11/26/2023
3476,1,94,319,1,11/26/2023
3477,20,61,481,1,11/27/2023
3478,12,30,408,4,11/27/2023
3479,12,55,319,1,11/28/2023
3480,8,76,439,2,11/29/2023
3481,15,14,415,4,11/29/2023
3482,6,74,212,5,11/29/2023
3483,20,21,283,1,11/30/2023
3484,14,15,490,2,11/30/2023
3485,2,58,111,6,11/30/2023
3486,9,15,422,1,11/30/2023
3487,1,42,108,4,12/1/2023
3488,18,92,371,6,12/1/2023
3489,7,17,69,4,12/2/2023
3490,18,57,264,2,12/3/2023
3491,9,21,315,5,12/3/2023
3492,8,56,239,5,12/4/2023
3493,16,98,124,2,12/4/2023
3494,6,5,112,4,12/5/2023
3495,11,84,394,1,12/5/2023
3496,15,70,488,3,12/5/2023
3497,13,99,320,4,12/5/2023
3498,4,79,91,3,12/5/2023
3499,5,50,333,3,12/6/2023
3500,17,14,168,4,12/6/2023
3501,7,89,122,3,12/6/2023
3502,12,97,120,2,12/6/2023
3503,8,3,131,5,12/7/2023
3504,18,28,48,4,12/7/2023
3505,1,75,102,2,12/7/2023
3506,9,21,283,4,12/7/2023
3507,5,37,345,6,12/8/2023
3508,14,42,129,3,12/8/2023
3509,8,74,446,3,12/8/2023
3510,7,54,57,3,12/9/2023
3511,10,70,269,5,12/9/2023
3512,9,56,70,6,12/9/2023
3513,1,91,498,3,12/10/2023
3514,16,94,303,5,12/10/2023
3515,11,65,196,1,12/10/2023
3516,20,84,210,4,12/10/2023
3517,1,42,331,6,12/10/2023
3518,17,65,442,2,12/11/2023
3519,9,49,229,1,12/11/2023
3520,15,27,387,4,12/11/2023
3521,5,37,498,3,12/11/2023
3522,19,52,70,5,12/11/2023
3523,10,95,140,1,12/11/2023
3524,8,5,401,3,12/11/2023
3525,4,61,214,6,12/13/2023
3526,9,95,70,2,12/13/2023
3527,14,92,468,3,12/14/2023
3528,5,69,311,5,12/14/2023
3529,9,65,267,2,12/14/2023
3530,16,38,352,3,12/14/2023
3531,13,63,344,3,12/15/2023
3532,1,36,24,1,12/16/2023
3533,6,34,272,2,12/16/2023
3534,4,90,242,1,12/16/2023
3535,9,6,127,4,12/16/2023
3536,16,99,366,1,12/17/2023
3537,10,90,28,2,12/17/2023
3538,5,100,481,1,12/17/2023
3539,5,100,376,5,12/17/2023
3540,9,36,444,3,12/18/2023
3541,5,9,229,4,12/18/2023
3542,15,33,276,2,12/19/2023
3543,1,62,93,4,12/19/2023
3544,9,26,212,5,12/19/2023
3545,17,87,275,2,12/19/2023
3546,11,50,331,2,12/20/2023
3547,5,31,439,3,12/20/2023
3548,11,89,139,2,12/21/2023
3549,2,73,229,4,12/22/2023
3550,16,40,338,3,12/23/2023
3551,6,39,28,1,12/24/2023
3552,2,78,367,4,12/24/2023
3553,15,72,52,3,12/25/2023
3554,1,65,169,2,12/25/2023
3555,15,61,470,4,12/25/2023
3556,5,66,384,3,12/27/2023
3557,18,65,489,3,12/27/2023
3558,20,91,405,1,12/28/2023
3559,1,78,443,2,12/29/2023
3560,7,59,294,1,12/29/2023
3561,2,31,276,1,12/29/2023
3562,18,70,285,2,12/30/2023
3563,4,17,181,1,12/30/2023
3564,20,67,302,5,12/30/2023
3565,3,14,410,7,12/30/2023
3566,19,59,492,3,12/30/2023
3567,6,53,495,5,12/30/2023
3568,7,3,329,3,12/30/2023
3569,7,14,99,6,12/31/2023
3570,4,100,51,4,12/31/2023
3571,1,84,239,3,12/31/2023
3572,20,3,91,4,1/1/2024
3573,3,41,288,3,1/1/2024
3574,11,25,435,1,1/2/2024
3575,12,73,334,2,1/2/2024
3576,18,76,291,3,1/2/2024
3577,19,4,471,1,1/2/2024
3578,3,31,264,2,1/3/2024
3579,16,83,272,3,1/3/2024
3580,4,64,395,2,1/4/2024
3581,15,90,372,3,1/4/2024
3582,12,57,237,3,1/4/2024
3583,20,55,378,3,1/4/2024
3584,15,77,397,4,1/5/2024
3585,19,57,379,1,1/5/2024
3586,19,13,437,1,1/5/2024
3587,9,53,281,1,1/5/2024
3588,4,100,230,1,1/6/2024
3589,19,17,207,4,1/6/2024
3590,3,21,43,2,1/7/2024
3591,11,68,262,1,1/7/2024
3592,18,73,493,3,1/7/2024
3593,18,7,494,3,1/7/2024
3594,19,68,308,5,1/8/2024
3595,8,81,492,4,1/8/2024
3596,13,12,422,1,1/8/2024
3597,4,23,81,3,1/9/2024
3598,3,68,368,4,1/10/2024
3599,20,62,489,2,1/10/2024
3600,11,61,13,3,1/10/2024
3601,13,62,151,2,1/10/2024
3602,13,94,254,4,1/10/2024
3603,8,68,495,3,1/10/2024
3604,18,12,300,3,1/10/2024
3605,9,76,318,3,1/11/2024
3606,1,98,358,3,1/11/2024
3607,13,71,485,2,1/12/2024
3608,16,38,435,2,1/12/2024
3609,12,54,375,3,1/12/2024
3610,7,48,142,5,1/12/2024
3611,8,78,314,4,1/12/2024
3612,16,94,160,4,1/13/2024
3613,9,5,172,2,1/13/2024
3614,6,61,378,2,1/13/2024
3615,20,54,85,4,1/14/2024
3616,12,84,486,4,1/14/2024
3617,2,79,332,3,1/16/2024
3618,18,100,497,3,1/17/2024
3619,11,89,128,4,1/18/2024
3620,18,67,234,4,1/18/2024
3621,19,44,12,2,1/19/2024
3622,5,93,450,2,1/20/2024
3623,19,31,211,3,1/20/2024
3624,3,46,341,3,1/20/2024
3625,8,11,186,3,1/21/2024
3626,4,78,27,2,1/22/2024
3627,11,84,464,4,1/22/2024
3628,13,35,22,1,1/22/2024
3629,19,52,381,2,1/23/2024
3630,11,57,193,3,1/23/2024
3631,3,100,99,4,1/24/2024
3632,13,95,378,3,1/24/2024
3633,17,44,201,2,1/24/2024
3634,6,4,26,1,1/26/2024
3635,19,4,155,3,1/26/2024
3636,16,44,286,1,1/28/2024
3637,5,36,52,4,1/28/2024
3638,19,6,169,2,1/29/2024
3639,17,18,46,1,1/29/2024
3640,3,79,28,4,1/30/2024
3641,8,23,291,3,1/30/2024
3642,1,90,424,2,1/31/2024
3643,18,33,211,3,1/31/2024
3644,3,4,487,1,1/31/2024
3645,12,56,175,4,2/1/2024
3646,1,77,446,1,2/1/2024
3647,8,86,185,5,2/1/2024
3648,8,51,314,2,2/2/2024
3649,11,22,197,2,2/3/2024
3650,16,24,98,3,2/3/2024
3651,17,29,162,1,2/4/2024
3652,14,78,186,1,2/4/2024
3653,6,14,396,3,2/4/2024
3654,4,11,267,4,2/5/2024
3655,13,71,400,1,2/6/2024
3656,19,78,165,3,2/6/2024
3657,7,8,18,1,2/6/2024
3658,11,38,483,4,2/7/2024
3659,20,68,47,2,2/7/2024
3660,20,61,485,2,2/8/2024
3661,20,50,360,2,2/8/2024
3662,13,3,261,1,2/8/2024
3663,15,71,390,2,2/9/2024
3664,15,66,126,3,2/9/2024
3665,14,35,131,4,2/9/2024
3666,7,99,38,4,2/10/2024
3667,13,63,325,4,2/10/2024
3668,20,48,60,2,2/10/2024
3669,15,49,252,4,2/11/2024
3670,3,48,457,4,2/12/2024
3671,9,52,115,3,2/12/2024
3672,13,34,234,1,2/12/2024
3673,20,25,410,1,2/14/2024
3674,5,61,419,2,2/14/2024
3675,12,46,26,2,2/14/2024
3676,4,96,77,3,2/14/2024
3677,16,57,411,1,2/14/2024
3678,5,54,84,3,2/15/2024
3679,12,37,146,1,2/15/2024
3680,14,47,100,3,2/15/2024
3681,19,31,72,2,2/15/2024
3682,9,30,76,4,2/15/2024
3683,5,93,208,3,2/15/2024
3684,6,24,36,1,2/15/2024
3685,8,3,302,1,2/15/2024
3686,4,35,29,3,2/15/2024
3687,12,34,386,4,2/16/2024
3688,14,22,372,5,2/16/2024
3689,1,69,287,5,2/16/2024
3690,2,39,237,4,2/17/2024
3691,14,16,114,1,2/17/2024
3692,16,10,42,1,2/17/2024
3693,11,84,461,1,2/17/2024
3694,6,51,284,3,2/17/2024
3695,8,15,461,4,2/17/2024
3696,17,90,111,3,2/18/2024
3697,8,42,56,4,2/18/2024
3698,14,21,440,1,2/18/2024
3699,12,24,376,2,2/18/2024
3700,12,95,195,3,2/18/2024
3701,12,73,245,4,2/19/2024
3702,17,90,374,4,2/19/2024
3703,14,6,250,1,2/19/2024
3704,18,10,184,3,2/20/2024
3705,10,40,25,3,2/20/2024
3706,4,61,307,4,2/20/2024
3707,3,88,313,2,2/21/2024
3708,14,33,489,1,2/22/2024
3709,19,68,195,3,2/22/2024
3710,16,71,286,4,2/23/2024
3711,7,6,2,3,2/23/2024
3712,6,64,374,2,2/24/2024
3713,6,45,281,4,2/24/2024
3714,5,21,121,2,2/24/2024
3715,8,19,391,2,2/24/2024
3716,12,35,108,4,2/25/2024
3717,16,32,495,1,2/25/2024
3718,1,77,279,3,2/25/2024
3719,14,18,370,2,2/25/2024
3720,4,82,14,2,2/26/2024
3721,3,39,457,4,2/27/2024
3722,20,64,429,2,2/27/2024
3723,7,90,269,4,2/27/2024
3724,18,86,437,3,2/27/2024
3725,13,1,440,1,3/1/2024
3726,9,80,465,1,3/1/2024
3727,15,87,268,2,3/1/2024
3728,3,79,247,3,3/1/2024
3729,16,86,367,2,3/1/2024
3730,1,17,396,2,3/1/2024
3731,14,22,207,4,3/1/2024
3732,20,95,84,3,3/2/2024
3733,13,4,108,5,3/2/2024
3734,11,52,334,3,3/2/2024
3735,14,5,147,5,3/2/2024
3736,7,72,241,2,3/3/2024
3737,6,83,143,5,3/4/2024
3738,14,12,485,3,3/4/2024
3739,10,35,175,3,3/4/2024
3740,5,40,270,1,3/5/2024
3741,11,38,217,1,3/5/2024
3742,1,69,276,4,3/5/2024
3743,10,43,320,1,3/6/2024
3744,4,86,332,3,3/6/2024
3745,17,13,94,2,3/6/2024
3746,14,97,398,2,3/6/2024
3747,15,42,147,4,3/6/2024
3748,11,80,46,1,3/7/2024
3749,13,41,343,5,3/7/2024
3750,19,80,476,2,3/8/2024
3751,11,50,254,2,3/8/2024
3752,5,56,295,3,3/8/2024
3753,9,9,260,4,3/9/2024
3754,3,88,131,2,3/10/2024
3755,3,40,83,1,3/10/2024
3756,19,70,446,1,3/10/2024
3757,4,39,251,3,3/11/2024
3758,11,71,246,1,3/12/2024
3759,13,80,302,4,3/12/2024
3760,6,70,294,1,3/12/2024
3761,13,2,67,4,3/12/2024
3762,7,82,165,1,3/13/2024
3763,19,90,188,4,3/14/2024
3764,20,97,331,4,3/14/2024
3765,18,67,336,4,3/14/2024
3766,14,33,254,2,3/15/2024
3767,6,79,16,4,3/15/2024
3768,19,16,323,5,3/15/2024
3769,5,79,401,4,3/15/2024
3770,1,36,354,3,3/15/2024
3771,2,87,5,2,3/16/2024
3772,16,27,298,4,3/16/2024
3773,14,11,338,4,3/16/2024
3774,9,11,314,1,3/17/2024
3775,11,25,226,2,3/17/2024
3776,11,68,360,3,3/18/2024
3777,16,5,199,3,3/18/2024
3778,19,86,476,3,3/18/2024
3779,20,35,401,1,3/18/2024
3780,8,99,186,3,3/19/2024
3781,10,43,464,4,3/19/2024
3782,4,74,40,5,3/19/2024
3783,10,92,161,1,3/19/2024
3784,5,75,124,3,3/20/2024
3785,6,47,217,2,3/20/2024
3786,9,2,494,1,3/21/2024
3787,5,83,354,4,3/21/2024
3788,11,25,75,5,3/22/2024
3789,9,21,100,2,3/22/2024
3790,1,44,274,2,3/23/2024
3791,9,11,40,2,3/23/2024
3792,11,6,393,5,3/23/2024
3793,3,81,266,1,3/24/2024
3794,7,84,333,2,3/24/2024
3795,12,14,191,5,3/24/2024
3796,2,31,39,4,3/25/2024
3797,18,7,146,2,3/25/2024
3798,2,17,88,1,3/25/2024
3799,8,8,80,2,3/26/2024
3800,12,10,437,1,3/26/2024
3801,8,34,141,3,3/26/2024
3802,13,58,319,1,3/27/2024
3803,12,67,289,3,3/27/2024
3804,5,26,17,1,3/27/2024
3805,4,62,217,3,3/27/2024
3806,12,76,482,2,3/27/2024
3807,13,30,69,3,3/27/2024
3808,13,5,461,2,3/28/2024
3809,16,49,161,4,3/28/2024
3810,19,44,496,3,3/28/2024
3811,7,43,248,4,3/28/2024
3812,6,59,246,3,3/29/2024
3813,4,58,255,1,3/29/2024
3814,19,63,275,3,3/29/2024
3815,14,2,161,4,3/29/2024
3816,9,77,87,2,3/29/2024
3817,5,63,387,4,3/29/2024
3818,7,91,420,3,3/31/2024
3819,4,30,396,2,3/31/2024
3820,17,11,205,4,3/31/2024
3821,11,32,390,5,4/2/2024
3822,7,68,446,5,4/2/2024
3823,11,65,56,4,4/3/2024
3824,14,14,369,1,4/4/2024
3825,15,21,110,4,4/5/2024
3826,11,57,88,1,4/5/2024
3827,17,47,270,2,4/5/2024
3828,16,36,206,3,4/6/2024
3829,16,98,163,5,4/6/2024
3830,13,54,348,3,4/6/2024
3831,13,31,482,2,4/7/2024
3832,10,62,418,4,4/7/2024
3833,9,6,221,1,4/7/2024
3834,3,72,264,3,4/8/2024
3835,6,11,465,1,4/9/2024
3836,3,91,495,4,4/9/2024
3837,15,47,116,4,4/9/2024
3838,19,73,116,2,4/9/2024
3839,8,59,296,1,4/9/2024
3840,7,74,400,1,4/10/2024
3841,5,81,319,3,4/10/2024
3842,16,89,311,4,4/10/2024
3843,20,1,377,5,4/10/2024
3844,4,4,406,4,4/10/2024
3845,10,27,144,3,4/10/2024
3846,4,63,377,3,4/11/2024
3847,16,28,308,5,4/11/2024
3848,17,13,317,4,4/11/2024
3849,5,87,493,5,4/12/2024
3850,9,13,405,2,4/12/2024
3851,5,54,234,4,4/13/2024
3852,6,63,488,3,4/13/2024
3853,7,93,173,5,4/13/2024
3854,13,3,361,2,4/14/2024
3855,8,35,428,3,4/14/2024
3856,10,13,288,1,4/15/2024
3857,7,69,255,4,4/15/2024
3858,15,94,391,5,4/15/2024
3859,2,39,185,2,4/15/2024
3860,9,62,306,4,4/15/2024
3861,3,34,432,4,4/16/2024
3862,14,47,133,2,4/16/2024
3863,14,89,342,2,4/16/2024
3864,16,53,216,4,4/16/2024
3865,9,92,403,1,4/16/2024
3866,2,62,146,5,4/17/2024
3867,10,11,2,3,4/17/2024
3868,1,73,120,4,4/17/2024
3869,1,90,36,4,4/17/2024
3870,2,24,342,4,4/18/2024
3871,8,64,134,3,4/18/2024
3872,8,77,409,4,4/19/2024
3873,2,68,30,5,4/20/2024
3874,9,7,42,3,4/20/2024
3875,14,20,15,4,4/20/2024
3876,5,66,217,2,4/21/2024
3877,6,22,491,2,4/21/2024
3878,3,31,125,4,4/21/2024
3879,5,62,352,2,4/21/2024
3880,16,27,332,3,4/21/2024
3881,1,24,358,4,4/21/2024
3882,2,11,443,1,4/21/2024
3883,3,60,147,1,4/22/2024
3884,19,67,225,5,4/22/2024
3885,16,42,414,6,4/22/2024
3886,6,59,417,2,4/22/2024
3887,16,8,215,1,4/23/2024
3888,16,87,415,3,4/24/2024
3889,14,94,244,5,4/24/2024
3890,8,59,385,5,4/25/2024
3891,8,60,241,1,4/25/2024
3892,13,74,125,2,4/26/2024
3893,14,49,249,2,4/26/2024
3894,6,40,172,3,4/27/2024
3895,15,68,302,2,4/28/2024
3896,5,25,496,4,4/28/2024
3897,5,85,89,3,4/29/2024
3898,14,13,180,3,4/29/2024
3899,17,12,285,3,4/29/2024
3900,6,87,112,5,4/29/2024
3901,8,49,145,3,4/29/2024
3902,18,35,206,1,4/29/2024
3903,12,57,187,3,4/30/2024
3904,13,20,315,4,4/30/2024
3905,20,89,348,1,4/30/2024
3906,15,24,363,1,4/30/2024
3907,14,54,280,3,5/1/2024
3908,1,19,260,4,5/1/2024
3909,9,65,290,1,5/1/2024
3910,9,6,460,3,5/2/2024
3911,11,45,421,4,5/3/2024
3912,5,20,429,3,5/3/2024
3913,18,22,430,2,5/3/2024
3914,10,97,300,5,5/4/2024
3915,20,84,445,1,5/4/2024
3916,18,9,464,3,5/4/2024
3917,17,72,198,5,5/4/2024
3918,4,72,241,1,5/4/2024
3919,7,85,150,4,5/4/2024
3920,16,93,44,3,5/5/2024
3921,13,14,130,4,5/5/2024
3922,19,12,413,5,5/5/2024
3923,8,26,85,5,5/5/2024
3924,19,37,17,2,5/6/2024
3925,2,22,188,2,5/6/2024
3926,19,20,395,4,5/6/2024
3927,11,66,297,5,5/7/2024
3928,11,30,308,5,5/8/2024
3929,10,10,474,4,5/9/2024
3930,20,2,453,2,5/9/2024
3931,2,72,6,3,5/10/2024
3932,4,65,236,3,5/10/2024
3933,20,91,417,3,5/10/2024
3934,5,85,267,4,5/11/2024
3935,6,81,44,5,5/11/2024
3936,14,69,112,3,5/11/2024
3937,1,92,491,3,5/12/2024
3938,3,33,40,1,5/12/2024
3939,16,10,319,3,5/12/2024
3940,16,98,323,4,5/12/2024
3941,7,44,226,3,5/12/2024
3942,4,6,120,3,5/13/2024
3943,7,31,409,4,5/13/2024
3944,2,87,377,4,5/14/2024
3945,1,65,11,5,5/14/2024
3946,2,78,464,1,5/15/2024
3947,6,13,426,1,5/15/2024
3948,4,12,300,4,5/15/2024
3949,14,60,91,5,5/15/2024
3950,1,70,272,1,5/16/2024
3951,13,62,431,5,5/16/2024
3952,8,46,112,1,5/17/2024
3953,17,57,73,3,5/17/2024
3954,15,15,455,1,5/18/2024
3955,20,82,51,1,5/18/2024
3956,3,27,237,3,5/19/2024
3957,6,7,67,4,5/19/2024
3958,7,73,282,1,5/20/2024
3959,10,53,206,3,5/20/2024
3960,14,78,414,1,5/20/2024
3961,18,64,392,1,5/21/2024
3962,13,2,359,2,5/21/2024
3963,14,81,387,4,5/21/2024
3964,18,94,334,5,5/22/2024
3965,19,28,385,3,5/23/2024
3966,20,76,349,1,5/23/2024
3967,16,27,7,6,5/23/2024
3968,6,85,107,1,5/23/2024
3969,12,5,120,4,5/23/2024
3970,20,21,325,1,5/24/2024
3971,9,58,75,1,5/24/2024
3972,20,83,391,2,5/25/2024
3973,8,59,345,2,5/25/2024
3974,9,37,122,2,5/25/2024
3975,17,37,392,4,5/26/2024
3976,19,88,91,1,5/26/2024
3977,10,16,282,2,5/26/2024
3978,3,24,391,3,5/27/2024
3979,4,40,210,4,5/27/2024
3980,2,23,162,4,5/27/2024
3981,5,92,352,3,5/27/2024
3982,10,53,236,5,5/27/2024
3983,8,75,418,1,5/27/2024
3984,5,61,6,4,5/27/2024
3985,4,89,67,5,5/28/2024
3986,7,31,370,5,5/28/2024
3987,17,92,200,3,5/28/2024
3988,20,37,416,4,5/28/2024
3989,10,44,119,5,5/28/2024
3990,8,67,195,4,5/29/2024
3991,12,79,296,3,5/29/2024
3992,19,16,23,1,5/29/2024
3993,12,48,257,5,5/29/2024
3994,20,80,483,2,5/29/2024
3995,18,12,440,3,5/30/2024
3996,3,53,253,5,5/30/2024
3997,16,6,96,1,5/30/2024
3998,5,32,265,5,5/30/2024
3999,3,28,329,1,5/30/2024
4000,16,80,30,2,5/30/2024
4001,1,6,468,3,6/1/2024
4002,12,61,336,4,6/1/2024
4003,18,89,13,1,6/1/2024
4004,4,27,459,4,6/1/2024
4005,10,64,257,2,6/1/2024
4006,19,91,189,2,6/2/2024
4007,9,32,416,2,6/2/2024
4008,15,73,143,2,6/3/2024
4009,4,76,129,1,6/3/2024
4010,9,90,64,1,6/4/2024
4011,3,82,290,3,6/4/2024
4012,1,5,155,2,6/5/2024
4013,18,88,468,3,6/5/2024
4014,19,12,25,1,6/5/2024
4015,6,64,255,2,6/6/2024
4016,14,53,407,3,6/6/2024
4017,15,60,259,2,6/7/2024
4018,17,56,87,2,6/7/2024
4019,15,68,263,3,6/8/2024
4020,12,40,463,5,6/9/2024
4021,4,30,170,1,6/9/2024
4022,19,30,495,3,6/10/2024
4023,2,62,138,2,6/10/2024
4024,6,17,192,2,6/10/2024
4025,4,46,417,2,6/11/2024
4026,14,30,102,3,6/11/2024
4027,16,43,459,2,6/11/2024
4028,19,54,230,2,6/11/2024
4029,13,52,33,3,6/11/2024
4030,5,89,233,4,6/11/2024
4031,19,49,487,2,6/11/2024
4032,18,52,111,3,6/12/2024
4033,5,9,252,4,6/12/2024
4034,3,44,166,1,6/13/2024
4035,16,34,266,4,6/13/2024
4036,10,71,491,1,6/13/2024
4037,10,17,495,5,6/13/2024
4038,5,25,426,1,6/13/2024
4039,12,27,299,5,6/16/2024
4040,15,73,292,5,6/16/2024
4041,4,84,487,2,6/16/2024
4042,20,5,267,1,6/16/2024
4043,16,61,76,4,6/16/2024
4044,15,35,181,1,6/17/2024
4045,5,40,40,1,6/17/2024
4046,18,17,64,3,6/17/2024
4047,6,11,169,4,6/18/2024
4048,6,78,428,5,6/18/2024
4049,17,49,352,1,6/18/2024
4050,13,89,477,2,6/18/2024
4051,11,53,339,5,6/18/2024
4052,2,17,427,3,6/19/2024
4053,15,51,162,3,6/19/2024
4054,11,67,74,3,6/19/2024
4055,8,11,126,3,6/19/2024
4056,20,35,203,4,6/20/2024
4057,17,10,240,1,6/21/2024
4058,18,8,239,1,6/21/2024
4059,12,39,357,4,6/21/2024
4060,4,75,204,1,6/21/2024
4061,5,95,131,4,6/21/2024
4062,18,99,21,3,6/22/2024
4063,4,27,167,4,6/23/2024
4064,15,71,452,1,6/23/2024
4065,2,85,7,1,6/24/2024
4066,11,71,338,3,6/24/2024
4067,9,51,99,1,6/25/2024
4068,7,1,41,4,6/26/2024
4069,9,36,318,1,6/26/2024
4070,8,26,25,1,6/26/2024
4071,20,36,16,2,6/27/2024
4072,18,39,289,5,6/28/2024
4073,5,10,172,3,6/30/2024
4074,11,45,339,1,6/30/2024
4075,19,89,46,5,6/30/2024
4076,12,68,82,4,7/1/2024
4077,12,5,151,4,7/1/2024
4078,13,66,111,4,7/1/2024
4079,9,18,111,1,7/1/2024
4080,15,11,463,5,7/1/2024
4081,16,61,256,5,7/1/2024
4082,9,57,478,3,7/2/2024
4083,8,64,379,1,7/3/2024
4084,6,4,10,3,7/4/2024
4085,13,14,94,5,7/4/2024
4086,13,97,197,2,7/4/2024
4087,1,12,417,5,7/5/2024
4088,5,14,328,5,7/5/2024
4089,9,72,197,4,7/5/2024
4090,15,96,472,5,7/5/2024
4091,1,92,485,1,7/5/2024
4092,11,81,403,5,7/5/2024
4093,14,47,63,5,7/7/2024
4094,10,32,33,5,7/7/2024
4095,3,28,31,1,7/8/2024
4096,16,64,141,1,7/8/2024
4097,14,29,451,1,7/8/2024
4098,6,39,326,4,7/8/2024
4099,13,77,117,4,7/9/2024
4100,10,49,91,1,7/9/2024
4101,17,12,479,3,7/9/2024
4102,8,40,295,2,7/10/2024
4103,13,38,270,2,7/10/2024
4104,8,86,383,2,7/11/2024
4105,11,93,37,2,7/12/2024
4106,6,27,297,4,7/12/2024
4107,9,72,80,4,7/12/2024
4108,7,27,458,5,7/13/2024
4109,5,53,159,2,7/13/2024
4110,1,24,393,1,7/13/2024
4111,20,72,475,3,7/13/2024
4112,9,28,258,2,7/13/2024
4113,18,43,12,5,7/14/2024
4114,13,67,269,5,7/14/2024
4115,12,70,101,4,7/15/2024
4116,4,57,259,2,7/15/2024
4117,8,24,357,3,7/17/2024
4118,6,89,135,4,7/17/2024
4119,14,25,283,5,7/17/2024
4120,9,57,480,4,7/18/2024
4121,5,29,260,5,7/19/2024
4122,9,23,20,4,7/19/2024
4123,18,46,385,3,7/19/2024
4124,13,58,178,3,7/20/2024
4125,16,26,66,1,7/20/2024
4126,1,71,453,3,7/21/2024
4127,17,3,105,2,7/21/2024
4128,3,83,63,2,7/22/2024
4129,7,87,474,5,7/22/2024
4130,19,48,297,1,7/23/2024
4131,11,67,452,4,7/23/2024
4132,2,27,125,4,7/23/2024
4133,15,16,211,5,7/23/2024
4134,2,39,490,2,7/24/2024
4135,20,64,63,2,7/24/2024
4136,15,100,106,1,7/24/2024
4137,9,13,158,5,7/24/2024
4138,3,96,447,4,7/26/2024
4139,11,100,65,5,7/27/2024
4140,9,61,404,1,7/27/2024
4141,15,67,47,5,7/27/2024
4142,16,40,374,5,7/28/2024
4143,1,96,217,5,7/28/2024
4144,4,63,110,4,7/29/2024
4145,10,69,209,5,7/29/2024
4146,1,4,205,2,7/29/2024
4147,13,98,65,2,7/29/2024
4148,6,24,213,3,7/30/2024
4149,8,98,209,2,7/30/2024
4150,11,45,113,3,7/30/2024
4151,16,39,424,1,7/30/2024
4152,16,38,182,4,7/31/2024
4153,11,68,300,2,7/31/2024
4154,20,52,219,1,7/31/2024
4155,8,74,39,1,7/31/2024
4156,1,3,255,3,7/31/2024
4157,14,23,226,1,8/1/2024
4158,19,77,490,1,8/2/2024
4159,12,38,10,4,8/2/2024
4160,4,31,294,5,8/2/2024
4161,3,45,316,3,8/3/2024
4162,4,47,73,1,8/4/2024
4163,20,81,414,5,8/4/2024
4164,11,36,400,3,8/4/2024
4165,18,26,168,1,8/5/2024
4166,10,95,234,1,8/5/2024
4167,14,28,481,5,8/6/2024
4168,9,87,438,1,8/6/2024
4169,15,56,281,5,8/7/2024
4170,1,28,283,5,8/8/2024
4171,20,61,140,1,8/8/2024
4172,19,42,31,2,8/8/2024
4173,19,98,185,3,8/8/2024
4174,10,41,473,2,8/9/2024
4175,6,43,313,2,8/9/2024
4176,2,95,316,5,8/9/2024
4177,2,20,314,2,8/10/2024
4178,16,25,255,3,8/11/2024
4179,8,79,27,4,8/11/2024
4180,18,63,194,1,8/11/2024
4181,15,48,375,5,8/11/2024
4182,3,51,191,4,8/11/2024
4183,12,60,52,4,8/11/2024
4184,2,22,399,3,8/11/2024
4185,9,92,497,1,8/12/2024
4186,12,28,205,4,8/12/2024
4187,16,99,425,2,8/12/2024
4188,5,88,384,2,8/13/2024
4189,11,67,191,1,8/14/2024
4190,16,73,105,5,8/14/2024
4191,5,89,222,1,8/14/2024
4192,16,79,165,4,8/14/2024
4193,13,47,106,5,8/15/2024
4194,3,9,251,5,8/15/2024
4195,17,22,351,3,8/16/2024
4196,19,60,138,5,8/16/2024
4197,7,25,464,1,8/16/2024
4198,18,81,385,2,8/16/2024
4199,13,65,400,4,8/17/2024
4200,18,17,267,1,8/17/2024
4201,9,47,45,3,8/18/2024
4202,16,25,181,5,8/18/2024
4203,19,21,295,5,8/18/2024
4204,8,83,406,4,8/19/2024
4205,9,53,474,1,8/19/2024
4206,6,26,188,5,8/19/2024
4207,19,8,325,5,8/20/2024
4208,18,37,382,2,8/20/2024
4209,14,23,239,4,8/20/2024
4210,1,60,231,1,8/20/2024
4211,1,26,305,1,8/21/2024
4212,3,7,2,5,8/22/2024
4213,8,57,322,5,8/22/2024
4214,2,36,403,5,8/22/2024
4215,8,77,290,1,8/23/2024
4216,19,75,157,3,8/24/2024
4217,19,8,272,2,8/24/2024
4218,16,45,97,2,8/25/2024
4219,14,90,433,1,8/25/2024
4220,6,81,299,5,8/26/2024
4221,7,25,21,4,8/26/2024
4222,18,39,329,2,8/26/2024
4223,8,12,405,5,8/27/2024
4224,15,48,107,1,8/27/2024
4225,2,18,263,5,8/28/2024
4226,14,39,433,4,8/29/2024
4227,2,45,108,4,8/29/2024
4228,14,1,301,2,8/29/2024
4229,13,28,331,2,8/29/2024
4230,13,70,443,2,8/30/2024
4231,19,73,107,5,8/30/2024
4232,4,66,31,2,8/31/2024
4233,1,75,96,2,8/31/2024
4234,3,3,70,2,8/31/2024
4235,6,23,373,2,9/1/2024
4236,10,53,236,5,9/1/2024
4237,8,34,70,3,9/2/2024
4238,12,75,260,4,9/2/2024
4239,8,5,359,3,9/2/2024
4240,16,61,236,2,9/2/2024
4241,11,5,371,1,9/2/2024
4242,9,80,78,2,9/3/2024
4243,5,67,303,4,9/4/2024
4244,10,10,111,5,9/5/2024
4245,1,37,411,4,9/5/2024
4246,19,26,158,2,9/5/2024
4247,3,25,7,2,9/5/2024
4248,6,19,133,4,9/5/2024
4249,9,50,392,4,9/5/2024
4250,15,3,468,4,9/6/2024
4251,13,93,1,5,9/6/2024
4252,14,70,381,2,9/7/2024
4253,12,57,360,3,9/7/2024
4254,3,97,230,4,9/7/2024
4255,9,34,30,2,9/8/2024
4256,6,93,426,1,9/8/2024
4257,3,22,4,2,9/8/2024
4258,7,12,471,3,9/8/2024
4259,12,77,124,1,9/9/2024
4260,1,45,156,1,9/10/2024
4261,18,13,232,5,9/10/2024
4262,6,4,451,2,9/11/2024
4263,6,99,221,5,9/11/2024
4264,11,83,384,5,9/12/2024
4265,4,70,200,1,9/12/2024
4266,5,7,155,2,9/12/2024
4267,3,48,258,1,9/13/2024
4268,7,48,96,4,9/13/2024
4269,4,80,263,5,9/14/2024
4270,19,72,122,1,9/14/2024
4271,13,67,37,1,9/14/2024
4272,11,69,415,3,9/15/2024
4273,4,54,83,2,9/15/2024
4274,13,39,63,3,9/15/2024
4275,14,17,78,1,9/16/2024
4276,12,13,5,3,9/16/2024
4277,10,75,27,2,9/16/2024
4278,20,41,240,1,9/17/2024
4279,2,37,173,4,9/17/2024
4280,12,86,260,1,9/17/2024
4281,2,1,206,5,9/17/2024
4282,8,9,477,4,9/18/2024
4283,14,90,342,5,9/19/2024
4284,5,80,76,5,9/20/2024
4285,9,25,38,5,9/20/2024
4286,1,44,101,1,9/21/2024
4287,18,100,486,3,9/21/2024
4288,15,84,119,3,9/21/2024
4289,6,65,337,4,9/21/2024
4290,6,45,344,4,9/21/2024
4291,7,20,295,4,9/21/2024
4292,13,15,157,2,9/21/2024
4293,8,99,111,3,9/21/2024
4294,20,11,65,1,9/22/2024
4295,18,71,280,3,9/22/2024
4296,1,44,360,1,9/23/2024
4297,1,58,395,2,9/23/2024
4298,6,31,193,1,9/23/2024
4299,8,21,147,2,9/24/2024
4300,20,76,236,2,9/24/2024
4301,18,28,191,5,9/24/2024
4302,10,27,268,4,9/24/2024
4303,1,92,411,5,9/25/2024
4304,2,88,245,3,9/25/2024
4305,5,7,427,5,9/26/2024
4306,15,29,137,5,9/27/2024
4307,19,54,280,3,9/27/2024
4308,6,3,21,5,9/27/2024
4309,12,28,144,2,9/28/2024
4310,17,41,94,5,9/28/2024
4311,14,54,165,5,9/28/2024
4312,9,39,163,5,9/28/2024
4313,9,73,83,4,9/29/2024
4314,3,33,335,2,9/29/2024
4315,2,97,408,2,9/29/2024
4316,19,2,140,3,9/30/2024
4317,3,53,398,5,9/30/2024
4318,14,7,87,3,9/30/2024
4319,1,79,334,4,9/30/2024
4320,20,4,181,2,10/1/2024
4321,3,80,341,4,10/1/2024
4322,14,27,404,1,10/1/2024
4323,16,86,221,2,10/1/2024
4324,3,46,302,2,10/1/2024
4325,5,67,369,5,10/1/2024
4326,9,42,169,3,10/1/2024
4327,7,1,449,5,10/2/2024
4328,6,14,9,1,10/2/2024
4329,19,45,263,4,10/2/2024
4330,4,66,34,2,10/2/2024
4331,15,83,405,4,10/2/2024
4332,7,20,197,3,10/3/2024
4333,3,3,385,5,10/3/2024
4334,13,19,99,3,10/4/2024
4335,13,50,234,3,10/4/2024
4336,3,25,185,2,10/5/2024
4337,4,17,204,2,10/5/2024
4338,8,1,242,1,10/5/2024
4339,13,92,77,1,10/5/2024
4340,14,51,336,3,10/5/2024
4341,13,62,462,2,10/5/2024
4342,18,73,389,1,10/6/2024
4343,7,66,403,3,10/6/2024
4344,3,85,75,4,10/7/2024
4345,9,62,287,3,10/7/2024
4346,13,68,187,4,10/8/2024
4347,2,29,323,5,10/8/2024
4348,1,41,376,3,10/9/2024
4349,7,33,242,4,10/9/2024
4350,11,12,169,5,10/9/2024
4351,7,74,237,2,10/9/2024
4352,8,72,59,4,10/10/2024
4353,6,40,455,5,10/10/2024
4354,1,86,425,3,10/10/2024
4355,8,56,227,1,10/10/2024
4356,15,44,139,3,10/10/2024
4357,8,32,388,3,10/10/2024
4358,6,74,489,3,10/12/2024
4359,1,88,395,2,10/13/2024
4360,4,21,150,1,10/13/2024
4361,14,51,431,3,10/13/2024
4362,1,57,485,5,10/14/2024
4363,9,23,287,2,10/14/2024
4364,7,72,111,5,10/14/2024
4365,10,39,316,2,10/14/2024
4366,7,31,180,1,10/15/2024
4367,20,86,388,1,10/16/2024
4368,13,47,382,1,10/16/2024
4369,2,13,171,4,10/16/2024
4370,15,46,56,4,10/18/2024
4371,1,47,182,5,10/18/2024
4372,19,33,136,4,10/18/2024
4373,20,89,478,2,10/19/2024
4374,16,52,39,5,10/19/2024
4375,14,93,322,1,10/19/2024
4376,3,1,148,5,10/20/2024
4377,6,87,14,1,10/21/2024
4378,20,26,58,3,10/22/2024
4379,17,7,278,4,10/22/2024
4380,7,34,86,4,10/22/2024
4381,6,92,340,5,10/22/2024
4382,9,33,118,2,10/22/2024
4383,4,54,171,3,10/23/2024
4384,19,49,163,5,10/23/2024
4385,8,98,275,5,10/23/2024
4386,2,59,379,4,10/23/2024
4387,4,71,481,5,10/24/2024
4388,3,96,130,4,10/24/2024
4389,4,75,183,1,10/25/2024
4390,5,81,385,1,10/25/2024
4391,9,65,275,4,10/25/2024
4392,3,91,134,4,10/26/2024
4393,19,38,394,5,10/26/2024
4394,8,75,237,3,10/26/2024
4395,8,90,213,5,10/26/2024
4396,14,62,392,4,10/27/2024
4397,13,55,369,3,10/27/2024
4398,9,36,310,5,10/28/2024
4399,10,48,129,4,10/28/2024
4400,13,21,61,1,10/28/2024
4401,17,64,43,5,10/28/2024
4402,13,18,473,5,10/29/2024
4403,11,53,236,3,10/29/2024
4404,19,46,74,1,10/29/2024
4405,7,78,324,3,10/29/2024
4406,6,33,436,3,10/30/2024
4407,12,21,236,5,10/30/2024
4408,2,60,97,1,10/30/2024
4409,7,82,142,5,10/30/2024
4410,6,97,189,3,11/1/2024
4411,17,86,258,4,11/1/2024
4412,16,94,347,4,11/1/2024
4413,3,83,372,1,11/2/2024
4414,15,67,421,3,11/2/2024
4415,8,33,368,3,11/3/2024
4416,6,48,470,4,11/3/2024
4417,6,89,398,4,11/3/2024
4418,5,39,394,4,11/4/2024
4419,10,37,134,4,11/4/2024
4420,14,65,463,2,11/4/2024
4421,16,7,195,3,11/5/2024
4422,13,50,389,2,11/5/2024
4423,1,42,130,3,11/5/2024
4424,4,25,463,3,11/5/2024
4425,9,34,171,2,11/6/2024
4426,5,72,446,1,11/6/2024
4427,16,94,155,3,11/6/2024
4428,18,55,277,4,11/7/2024
4429,2,64,418,4,11/8/2024
4430,1,11,80,5,11/8/2024
4431,13,48,249,4,11/9/2024
4432,6,74,270,5,11/9/2024
4433,20,61,392,1,11/9/2024
4434,8,62,483,3,11/10/2024
4435,6,67,234,5,11/11/2024
4436,18,75,4,4,11/11/2024
4437,18,65,337,5,11/11/2024
4438,5,33,18,3,11/12/2024
4439,4,91,180,4,11/12/2024
4440,16,99,200,5,11/13/2024
4441,10,83,331,1,11/13/2024
4442,14,37,474,5,11/13/2024
4443,16,48,259,5,11/14/2024
4444,6,90,378,1,11/15/2024
4445,15,65,233,5,11/15/2024
4446,1,11,418,5,11/15/2024
4447,5,87,163,3,11/15/2024
4448,19,5,306,2,11/15/2024
4449,5,76,388,3,11/16/2024
4450,7,87,7,5,11/16/2024
4451,3,56,438,5,11/16/2024
4452,4,81,13,2,11/16/2024
4453,13,80,389,3,11/17/2024
4454,13,55,417,2,11/18/2024
4455,17,20,201,2,11/18/2024
4456,14,6,322,5,11/19/2024
4457,1,33,406,1,11/20/2024
4458,19,65,278,5,11/20/2024
4459,17,91,294,5,11/20/2024
4460,16,88,29,5,11/20/2024
4461,19,95,344,5,11/22/2024
4462,3,5,417,2,11/23/2024
4463,18,21,117,2,11/23/2024
4464,5,51,470,3,11/23/2024
4465,11,38,125,1,11/23/2024
4466,6,51,175,4,11/23/2024
4467,11,30,32,3,11/24/2024
4468,20,56,305,3,11/24/2024
4469,11,71,454,2,11/24/2024
4470,5,51,408,2,11/24/2024
4471,13,41,451,2,11/25/2024
4472,13,35,433,4,11/25/2024
4473,15,94,102,5,11/25/2024
4474,17,10,17,1,11/26/2024
4475,1,94,319,1,11/26/2024
4476,12,30,393,4,11/26/2024
4477,12,30,408,4,11/27/2024
4478,20,61,481,1,11/27/2024
4479,12,55,319,1,11/28/2024
4480,15,14,415,5,11/29/2024
4481,8,76,439,2,11/29/2024
4482,6,74,212,5,11/29/2024
4483,14,15,490,2,11/30/2024
4484,2,58,111,5,11/30/2024
4485,9,15,422,1,11/30/2024
4486,20,21,283,1,11/30/2024
4487,1,42,108,4,12/1/2024
4488,18,92,371,5,12/1/2024
4489,7,17,69,3,12/2/2024
4490,9,21,315,4,12/3/2024
4491,18,57,264,2,12/3/2024
4492,8,56,239,4,12/4/2024
4493,16,98,124,2,12/4/2024
4494,4,79,91,3,12/5/2024
4495,13,99,320,3,12/5/2024
4496,6,5,112,3,12/5/2024
4497,15,70,488,2,12/5/2024
4498,11,84,394,1,12/5/2024
4499,5,50,333,3,12/6/2024
4500,7,89,122,3,12/6/2024
4501,17,14,168,4,12/6/2024
4502,12,97,120,2,12/6/2024
4503,8,3,131,5,12/7/2024
4504,9,21,283,3,12/7/2024
4505,18,28,48,4,12/7/2024
4506,1,75,102,2,12/7/2024
4507,5,37,345,5,12/8/2024
4508,14,42,129,3,12/8/2024
4509,8,74,446,2,12/8/2024
4510,7,54,57,3,12/9/2024
4511,10,70,269,4,12/9/2024
4512,9,56,70,5,12/9/2024
4513,20,84,210,3,12/10/2024
4514,1,91,498,3,12/10/2024
4515,11,65,196,1,12/10/2024
4516,16,94,303,4,12/10/2024
4517,1,42,331,5,12/10/2024
4518,5,37,498,3,12/11/2024
4519,9,49,229,1,12/11/2024
4520,19,52,70,4,12/11/2024
4521,8,5,401,3,12/11/2024
4522,15,27,387,3,12/11/2024
4523,10,95,140,1,12/11/2024
4524,17,65,442,2,12/11/2024
4525,4,61,214,5,12/13/2024
4526,9,95,70,2,12/13/2024
4527,9,65,267,2,12/14/2024
4528,14,92,468,3,12/14/2024
4529,5,69,311,5,12/14/2024
4530,16,38,352,3,12/14/2024
4531,13,63,344,3,12/15/2024
4532,9,6,127,4,12/16/2024
4533,1,36,24,1,12/16/2024
4534,6,34,272,2,12/16/2024
4535,4,90,242,1,12/16/2024
4536,5,100,481,1,12/17/2024
4537,5,100,376,4,12/17/2024
4538,16,99,366,1,12/17/2024
4539,10,90,28,2,12/17/2024
4540,9,36,444,3,12/18/2024
4541,5,9,229,4,12/18/2024
4542,1,62,93,3,12/19/2024
4543,9,26,212,4,12/19/2024
4544,17,87,275,2,12/19/2024
4545,15,33,276,2,12/19/2024
4546,11,50,331,2,12/20/2024
4547,5,31,439,3,12/20/2024
4548,11,89,139,2,12/21/2024
4549,2,73,229,4,12/22/2024
4550,16,40,338,3,12/23/2024
4551,6,39,28,1,12/24/2024
4552,2,78,367,3,12/24/2024
4553,15,72,52,2,12/25/2024
4554,1,65,169,2,12/25/2024
4555,15,61,470,3,12/25/2024
4556,5,66,384,3,12/27/2024
4557,18,65,489,3,12/27/2024
4558,20,91,405,1,12/28/2024
4559,2,31,276,1,12/29/2024
4560,7,59,294,1,12/29/2024
4561,1,78,443,2,12/29/2024
4562,6,53,495,5,12/30/2024
4563,18,70,285,2,12/30/2024
4564,4,17,181,1,12/30/2024
4565,20,67,302,4,12/30/2024
4566,3,14,410,5,12/30/2024
4567,7,3,329,3,12/30/2024
4568,19,59,492,3,12/30/2024
4569,7,14,99,5,12/31/2024
4570,1,84,239,3,12/31/2024
4571,4,100,51,3,12/31/2024
4572,20,3,91,4,1/1/2025
4573,3,41,288,4,1/1/2025
4574,11,25,435,1,1/2/2025
4575,12,73,334,3,1/2/2025
4576,18,76,291,4,1/2/2025
4577,19,4,471,1,1/2/2025
4578,16,83,272,3,1/3/2025
4579,3,31,264,2,1/3/2025
4580,20,55,378,4,1/4/2025
4581,15,90,372,4,1/4/2025
4582,4,64,395,2,1/4/2025
4583,12,57,237,3,1/4/2025
4584,19,13,437,1,1/5/2025
4585,15,77,397,5,1/5/2025
4586,9,53,281,2,1/5/2025
4587,19,57,379,1,1/5/2025
4588,19,17,207,5,1/6/2025
4589,4,100,230,1,1/6/2025
4590,3,21,43,2,1/7/2025
4591,18,7,494,4,1/7/2025
4592,11,68,262,1,1/7/2025
4593,18,73,493,4,1/7/2025
4594,13,12,422,1,1/8/2025
4595,8,81,492,5,1/8/2025
4596,19,68,308,5,1/8/2025
4597,4,23,81,4,1/9/2025
4598,3,68,368,5,1/10/2025
4599,11,61,13,4,1/10/2025
4600,18,12,300,4,1/10/2025
4601,13,62,151,2,1/10/2025
4602,8,68,495,3,1/10/2025
4603,13,94,254,5,1/10/2025
4604,20,62,489,3,1/10/2025
4605,1,98,358,3,1/11/2025
4606,9,76,318,4,1/11/2025
4607,16,38,435,2,1/12/2025
4608,12,54,375,5,1/12/2025
4609,13,71,485,3,1/12/2025
4610,7,48,142,5,1/12/2025
4611,8,78,314,4,1/12/2025
4612,9,5,172,3,1/13/2025
4613,6,61,378,3,1/13/2025
4614,16,94,160,4,1/13/2025
4615,12,84,486,5,1/14/2025
4616,20,54,85,5,1/14/2025
4617,2,79,332,3,1/16/2025
4618,18,100,497,3,1/17/2025
4619,11,89,128,5,1/18/2025
4620,18,67,234,4,1/18/2025
4621,19,44,12,2,1/19/2025
4622,3,46,341,4,1/20/2025
4623,19,31,211,3,1/20/2025
4624,5,93,450,3,1/20/2025
4625,8,11,186,3,1/21/2025
4626,11,84,464,5,1/22/2025
4627,13,35,22,1,1/22/2025
4628,4,78,27,2,1/22/2025
4629,11,57,193,3,1/23/2025
4630,19,52,381,2,1/23/2025
4631,13,95,378,4,1/24/2025
4632,3,100,99,5,1/24/2025
4633,17,44,201,2,1/24/2025
4634,6,4,26,1,1/26/2025
4635,19,4,155,4,1/26/2025
4636,5,36,52,5,1/28/2025
4637,16,44,286,1,1/28/2025
4638,19,6,169,2,1/29/2025
4639,17,18,46,1,1/29/2025
4640,8,23,291,4,1/30/2025
4641,3,79,28,5,1/30/2025
4642,18,33,211,3,1/31/2025
4643,3,4,487,2,1/31/2025
4644,1,90,424,2,1/31/2025
4645,1,77,446,1,2/1/2025
4646,8,86,185,5,2/1/2025
4647,12,56,175,4,2/1/2025
4648,8,51,314,3,2/2/2025
4649,16,24,98,4,2/3/2025
4650,11,22,197,2,2/3/2025
4651,6,14,396,4,2/4/2025
4652,14,78,186,1,2/4/2025
4653,17,29,162,1,2/4/2025
4654,4,11,267,5,2/5/2025
4655,13,71,400,1,2/6/2025
4656,7,8,18,1,2/6/2025
4657,19,78,165,4,2/6/2025
4658,20,68,47,3,2/7/2025
4659,11,38,483,5,2/7/2025
4660,20,50,360,3,2/8/2025
4661,13,3,261,1,2/8/2025
4662,20,61,485,2,2/8/2025
4663,14,35,131,4,2/9/2025
4664,15,71,390,3,2/9/2025
4665,15,66,126,4,2/9/2025
4666,20,48,60,3,2/10/2025
4667,7,99,38,5,2/10/2025
4668,13,63,325,4,2/10/2025
4669,15,49,252,5,2/11/2025
4670,3,48,457,4,2/12/2025
4671,9,52,115,4,2/12/2025
4672,13,34,234,1,2/12/2025
4673,16,57,411,1,2/14/2025
4674,20,25,410,1,2/14/2025
4675,4,96,77,4,2/14/2025
4676,12,46,26,2,2/14/2025
4677,5,61,419,2,2/14/2025
4678,9,30,76,4,2/15/2025
4679,19,31,72,2,2/15/2025
4680,8,3,302,1,2/15/2025
4681,5,93,208,3,2/15/2025
4682,14,47,100,4,2/15/2025
4683,12,37,146,1,2/15/2025
4684,5,54,84,3,2/15/2025
4685,6,24,36,2,2/15/2025
4686,4,35,29,3,2/15/2025
4687,14,22,372,5,2/16/2025
4688,12,34,386,5,2/16/2025
4689,1,69,287,5,2/16/2025
4690,6,51,284,4,2/17/2025
4691,8,15,461,5,2/17/2025
4692,11,84,461,1,2/17/2025
4693,2,39,237,4,2/17/2025
4694,14,16,114,2,2/17/2025
4695,16,10,42,1,2/17/2025
4696,17,90,111,4,2/18/2025
4697,8,42,56,5,2/18/2025
4698,14,21,440,2,2/18/2025
4699,12,24,376,2,2/18/2025
4700,12,95,195,4,2/18/2025
4701,14,6,250,2,2/19/2025
4702,12,73,245,5,2/19/2025
4703,17,90,374,5,2/19/2025
4704,10,40,25,4,2/20/2025
4705,4,61,307,5,2/20/2025
4706,18,10,184,3,2/20/2025
4707,3,88,313,2,2/21/2025
4708,19,68,195,3,2/22/2025
4709,14,33,489,1,2/22/2025
4710,16,71,286,5,2/23/2025
4711,7,6,2,3,2/23/2025
4712,6,64,374,3,2/24/2025
4713,5,21,121,2,2/24/2025
4714,6,45,281,5,2/24/2025
4715,8,19,391,2,2/24/2025
4716,1,77,279,3,2/25/2025
4717,12,35,108,5,2/25/2025
4718,16,32,495,1,2/25/2025
4719,14,18,370,2,2/25/2025
4720,4,82,14,2,2/26/2025
4721,18,86,437,3,2/27/2025
4722,3,39,457,5,2/27/2025
4723,7,90,269,4,2/27/2025
4724,20,64,429,3,2/27/2025
4725,3,79,247,3,3/1/2025
4726,16,86,367,2,3/1/2025
4727,15,87,268,2,3/1/2025
4728,1,17,396,2,3/1/2025
4729,14,22,207,5,3/1/2025
4730,9,80,465,1,3/1/2025
4731,13,1,440,1,3/1/2025
4732,11,52,334,3,3/2/2025
4733,14,5,147,5,3/2/2025
4734,13,4,108,5,3/2/2025
4735,20,95,84,3,3/2/2025
4736,7,72,241,3,3/3/2025
4737,14,12,485,4,3/4/2025
4738,6,83,143,5,3/4/2025
4739,10,35,175,4,3/4/2025
4740,11,38,217,1,3/5/2025
4741,1,69,276,5,3/5/2025
4742,5,40,270,1,3/5/2025
4743,14,97,398,2,3/6/2025
4744,15,42,147,5,3/6/2025
4745,4,86,332,3,3/6/2025
4746,17,13,94,2,3/6/2025
4747,10,43,320,1,3/6/2025
4748,11,80,46,1,3/7/2025
4749,13,41,343,5,3/7/2025
4750,5,56,295,3,3/8/2025
4751,19,80,476,3,3/8/2025
4752,11,50,254,2,3/8/2025
4753,9,9,260,4,3/9/2025
4754,3,40,83,1,3/10/2025
4755,19,70,446,1,3/10/2025
4756,3,88,131,3,3/10/2025
4757,4,39,251,4,3/11/2025
4758,11,71,246,1,3/12/2025
4759,13,80,302,4,3/12/2025
4760,13,2,67,4,3/12/2025
4761,6,70,294,1,3/12/2025
4762,7,82,165,1,3/13/2025
4763,18,67,336,4,3/14/2025
4764,19,90,188,5,3/14/2025
4765,20,97,331,4,3/14/2025
4766,1,36,354,4,3/15/2025
4767,5,79,401,4,3/15/2025
4768,14,33,254,2,3/15/2025
4769,19,16,323,5,3/15/2025
4770,6,79,16,4,3/15/2025
4771,16,27,298,4,3/16/2025
4772,2,87,5,2,3/16/2025
4773,14,11,338,5,3/16/2025
4774,9,11,314,1,3/17/2025
4775,11,25,226,2,3/17/2025
4776,11,68,360,3,3/18/2025
4777,20,35,401,1,3/18/2025
4778,19,86,476,3,3/18/2025
4779,16,5,199,3,3/18/2025
4780,8,99,186,3,3/19/2025
4781,10,92,161,1,3/19/2025
4782,4,74,40,5,3/19/2025
4783,10,43,464,4,3/19/2025
4784,6,47,217,2,3/20/2025
4785,5,75,124,3,3/20/2025
4786,9,2,494,1,3/21/2025
4787,5,83,354,5,3/21/2025
4788,9,21,100,2,3/22/2025
4789,11,25,75,5,3/22/2025
4790,1,44,274,3,3/23/2025
4791,9,11,40,2,3/23/2025
4792,11,6,393,5,3/23/2025
4793,7,84,333,2,3/24/2025
4794,12,14,191,5,3/24/2025
4795,3,81,266,1,3/24/2025
4796,18,7,146,3,3/25/2025
4797,2,17,88,1,3/25/2025
4798,2,31,39,5,3/25/2025
4799,8,34,141,3,3/26/2025
4800,12,10,437,1,3/26/2025
4801,8,8,80,3,3/26/2025
4802,4,62,217,3,3/27/2025
4803,13,58,319,1,3/27/2025
4804,12,76,482,2,3/27/2025
4805,5,26,17,1,3/27/2025
4806,12,67,289,4,3/27/2025
4807,13,30,69,3,3/27/2025
4808,19,44,496,3,3/28/2025
4809,7,43,248,5,3/28/2025
4810,13,5,461,2,3/28/2025
4811,16,49,161,4,3/28/2025
4812,6,59,246,3,3/29/2025
4813,5,63,387,5,3/29/2025
4814,14,2,161,5,3/29/2025
4815,4,58,255,1,3/29/2025
4816,9,77,87,2,3/29/2025
4817,19,63,275,3,3/29/2025
4818,7,91,420,3,3/31/2025
4819,4,30,396,2,3/31/2025
4820,17,11,205,5,3/31/2025
4821,11,32,390,5,4/2/2025
4822,7,68,446,5,4/2/2025
4823,11,65,56,4,4/3/2025
4824,14,14,369,1,4/4/2025
4825,15,21,110,4,4/5/2025
4826,11,57,88,1,4/5/2025
4827,17,47,270,2,4/5/2025
4828,16,98,163,5,4/6/2025
4829,13,54,348,3,4/6/2025
4830,16,36,206,3,4/6/2025
4831,9,6,221,1,4/7/2025
4832,10,62,418,5,4/7/2025
4833,13,31,482,2,4/7/2025
4834,3,72,264,3,4/8/2025
4835,3,91,495,5,4/9/2025
4836,15,47,116,5,4/9/2025
4837,6,11,465,1,4/9/2025
4838,8,59,296,1,4/9/2025
4839,19,73,116,2,4/9/2025
4840,4,4,406,4,4/10/2025
4841,5,81,319,3,4/10/2025
4842,10,27,144,4,4/10/2025
4843,16,89,311,4,4/10/2025
4844,7,74,400,1,4/10/2025
4845,20,1,377,5,4/10/2025
4846,16,28,308,5,4/11/2025
4847,17,13,317,4,4/11/2025
4848,4,63,377,3,4/11/2025
4849,5,87,493,5,4/12/2025
4850,9,13,405,2,4/12/2025
4851,6,63,488,3,4/13/2025
4852,7,93,173,5,4/13/2025
4853,5,54,234,5,4/13/2025
4854,13,3,361,2,4/14/2025
4855,8,35,428,3,4/14/2025
4856,7,69,255,4,4/15/2025
4857,10,13,288,1,4/15/2025
4858,2,39,185,2,4/15/2025
4859,15,94,391,5,4/15/2025
4860,9,62,306,4,4/15/2025
4861,14,89,342,2,4/16/2025
4862,9,92,403,1,4/16/2025
4863,3,34,432,5,4/16/2025
4864,16,53,216,3,4/16/2025
4865,14,47,133,2,4/16/2025
4866,1,73,120,4,4/17/2025
4867,2,62,146,5,4/17/2025
4868,1,90,36,5,4/17/2025
4869,10,11,2,3,4/17/2025
4870,2,24,342,4,4/18/2025
4871,8,64,134,4,4/18/2025
4872,8,77,409,4,4/19/2025
4873,14,20,15,5,4/20/2025
4874,2,68,30,5,4/20/2025
4875,9,7,42,3,4/20/2025
4876,5,66,217,2,4/21/2025
4877,2,11,443,1,4/21/2025
4878,16,27,332,3,4/21/2025
4879,5,62,352,2,4/21/2025
4880,1,24,358,4,4/21/2025
4881,3,31,125,4,4/21/2025
4882,6,22,491,2,4/21/2025
4883,6,59,417,2,4/22/2025
4884,16,42,414,5,4/22/2025
4885,3,60,147,1,4/22/2025
4886,19,67,225,5,4/22/2025
4887,16,8,215,1,4/23/2025
4888,14,94,244,5,4/24/2025
4889,16,87,415,3,4/24/2025
4890,8,60,241,1,4/25/2025
4891,8,59,385,5,4/25/2025
4892,13,74,125,2,4/26/2025
4893,14,49,249,3,4/26/2025
4894,6,40,172,4,4/27/2025
4895,5,25,496,4,4/28/2025
4896,15,68,302,2,4/28/2025
4897,5,85,89,4,4/29/2025
4898,18,35,206,1,4/29/2025
4899,6,87,112,5,4/29/2025
4900,17,12,285,4,4/29/2025
4901,8,49,145,3,4/29/2025
4902,14,13,180,3,4/29/2025
4903,15,24,363,1,4/30/2025
4904,12,57,187,3,4/30/2025
4905,20,89,348,1,4/30/2025
4906,13,20,315,4,4/30/2025
4907,9,65,290,1,5/1/2025
4908,14,54,280,3,5/1/2025
4909,1,19,260,4,5/1/2025
4910,9,6,460,3,5/2/2025
4911,11,45,421,5,5/3/2025
4912,5,20,429,3,5/3/2025
4913,18,22,430,2,5/3/2025
4914,4,72,241,1,5/4/2025
4915,20,84,445,1,5/4/2025
4916,10,97,300,5,5/4/2025
4917,18,9,464,3,5/4/2025
4918,7,85,150,5,5/4/2025
4919,17,72,198,5,5/4/2025
4920,8,26,85,5,5/5/2025
4921,19,12,413,5,5/5/2025
4922,13,14,130,5,5/5/2025
4923,16,93,44,3,5/5/2025
4924,19,37,17,2,5/6/2025
4925,2,22,188,2,5/6/2025
4926,19,20,395,3,5/6/2025
4927,11,66,297,5,5/7/2025
4928,11,30,308,5,5/8/2025
4929,10,10,474,4,5/9/2025
4930,20,2,453,2,5/9/2025
4931,20,91,417,4,5/10/2025
4932,2,72,6,3,5/10/2025
4933,4,65,236,3,5/10/2025
4934,14,69,112,3,5/11/2025
4935,5,85,267,4,5/11/2025
4936,6,81,44,5,5/11/2025
4937,7,44,226,3,5/12/2025
4938,16,10,319,4,5/12/2025
4939,1,92,491,3,5/12/2025
4940,3,33,40,1,5/12/2025
4941,16,98,323,5,5/12/2025
4942,4,6,120,3,5/13/2025
4943,7,31,409,4,5/13/2025
4944,2,87,377,4,5/14/2025
4945,1,65,11,5,5/14/2025
4946,14,60,91,5,5/15/2025
4947,2,78,464,1,5/15/2025
4948,4,12,300,4,5/15/2025
4949,6,13,426,1,5/15/2025
4950,13,62,431,5,5/16/2025
4951,1,70,272,1,5/16/2025
4952,8,46,112,1,5/17/2025
4953,17,57,73,3,5/17/2025
4954,20,82,51,1,5/18/2025
4955,15,15,455,1,5/18/2025
4956,6,7,67,5,5/19/2025
4957,3,27,237,3,5/19/2025
4958,14,78,414,1,5/20/2025
4959,10,53,206,3,5/20/2025
4960,7,73,282,1,5/20/2025
4961,14,81,387,4,5/21/2025
4962,18,64,392,1,5/21/2025
4963,13,2,359,2,5/21/2025
4964,18,94,334,4,5/22/2025
4965,20,76,349,1,5/23/2025
4966,6,85,107,1,5/23/2025
4967,12,5,120,4,5/23/2025
4968,16,27,7,5,5/23/2025
4969,19,28,385,3,5/23/2025
4970,9,58,75,1,5/24/2025
4971,20,21,325,1,5/24/2025
4972,20,83,391,2,5/25/2025
4973,8,59,345,2,5/25/2025
4974,9,37,122,2,5/25/2025
4975,19,88,91,1,5/26/2025
4976,10,16,282,3,5/26/2025
4977,17,37,392,4,5/26/2025
4978,2,23,162,4,5/27/2025
4979,4,40,210,4,5/27/2025
4980,10,53,236,5,5/27/2025
4981,3,24,391,3,5/27/2025
4982,8,75,418,1,5/27/2025
4983,5,61,6,4,5/27/2025
4984,5,92,352,3,5/27/2025
4985,4,89,67,5,5/28/2025
4986,10,44,119,5,5/28/2025
4987,20,37,416,4,5/28/2025
4988,17,92,200,4,5/28/2025
4989,7,31,370,5,5/28/2025
4990,12,48,257,5,5/29/2025
4991,20,80,483,2,5/29/2025
4992,12,79,296,3,5/29/2025
4993,8,67,195,4,5/29/2025
4994,19,16,23,1,5/29/2025
4995,18,12,440,3,5/30/2025
4996,5,32,265,5,5/30/2025
4997,3,28,329,1,5/30/2025
4998,16,6,96,2,5/30/2025
4999,16,80,30,3,5/30/2025
5000,3,53,253,4,5/30/2025
